[11Apr2025 07:06:10.274] [main/INFO] [cpw.mods.modlauncher.Launcher/MODLAUNCHER]: ModLauncher running: args [--launchTarget, forgeserver, --fml.forgeVersion, 40.2.9, --fml.mcVersion, 1.18.2, --fml.forgeGroup, net.minecraftforge, --fml.mcpVersion, 20220404.173914, nogui]
[11Apr2025 07:06:10.277] [main/INFO] [cpw.mods.modlauncher.Launcher/MODLAUNCHER]: ModLauncher 9.1.3+9.1.3+main.9b69c82a starting: java version 17.0.14 by Ubuntu
[11Apr2025 07:06:10.408] [main/INFO] [mixin/]: SpongePowered MIXIN Subsystem Version=0.8.5 Source=union:/workspaces/MinecraftServer2.0/servidor_minecraft/libraries/org/spongepowered/mixin/0.8.5/mixin-0.8.5.jar%2314!/ Service=ModLauncher Env=SERVER
[11Apr2025 07:06:10.452] [main/WARN] [net.minecraftforge.fml.loading.FMLConfig/CORE]: Configuration file /workspaces/MinecraftServer2.0/servidor_minecraft/config/fml.toml is not correct. Correcting
[11Apr2025 07:06:10.458] [main/WARN] [net.minecraftforge.fml.loading.FMLConfig/CORE]: Incorrect key [defaultConfigPath] was corrected from null to defaultconfigs
[11Apr2025 07:06:10.461] [main/WARN] [net.minecraftforge.fml.loading.FMLConfig/CORE]: Incorrect key [maxThreads] was corrected from null to -1
[11Apr2025 07:06:10.758] [main/WARN] [net.minecraftforge.fml.loading.moddiscovery.ModFileParser/LOADING]: Mod file /workspaces/MinecraftServer2.0/servidor_minecraft/libraries/net/minecraftforge/fmlcore/1.18.2-40.2.9/fmlcore-1.18.2-40.2.9.jar is missing mods.toml file
[11Apr2025 07:06:10.760] [main/WARN] [net.minecraftforge.fml.loading.moddiscovery.ModFileParser/LOADING]: Mod file /workspaces/MinecraftServer2.0/servidor_minecraft/libraries/net/minecraftforge/javafmllanguage/1.18.2-40.2.9/javafmllanguage-1.18.2-40.2.9.jar is missing mods.toml file
[11Apr2025 07:06:10.761] [main/WARN] [net.minecraftforge.fml.loading.moddiscovery.ModFileParser/LOADING]: Mod file /workspaces/MinecraftServer2.0/servidor_minecraft/libraries/net/minecraftforge/lowcodelanguage/1.18.2-40.2.9/lowcodelanguage-1.18.2-40.2.9.jar is missing mods.toml file
[11Apr2025 07:06:10.762] [main/WARN] [net.minecraftforge.fml.loading.moddiscovery.ModFileParser/LOADING]: Mod file /workspaces/MinecraftServer2.0/servidor_minecraft/libraries/net/minecraftforge/mclanguage/1.18.2-40.2.9/mclanguage-1.18.2-40.2.9.jar is missing mods.toml file
[11Apr2025 07:06:10.904] [main/INFO] [net.minecraftforge.fml.loading.moddiscovery.JarInJarDependencyLocator/]: Found 2 dependencies adding them to mods collection
[11Apr2025 07:06:13.408] [main/INFO] [mixin/]: Compatibility level set to JAVA_17
[11Apr2025 07:06:13.504] [main/INFO] [cpw.mods.modlauncher.LaunchServiceHandler/MODLAUNCHER]: Launching target 'forgeserver' with arguments [nogui]
[11Apr2025 07:06:13.541] [main/WARN] [mixin/]: Reference map 'iammusicplayer-forge-refmap.json' for iammusicplayer.mixins.json could not be read. If this is a development environment you can ignore this message
[11Apr2025 07:06:13.546] [main/WARN] [mixin/]: Reference map 'creativecore.mixins.refmap.json' for creativecore.mixins.json could not be read. If this is a development environment you can ignore this message
[11Apr2025 07:06:13.629] [main/WARN] [net.minecraftforge.common.ForgeConfigSpec/CORE]: Configuration file /workspaces/MinecraftServer2.0/servidor_minecraft/config/supplementaries-registry.toml is not correct. Correcting
[11Apr2025 07:06:13.629] [main/WARN] [net.minecraftforge.common.ForgeConfigSpec/CORE]: Incorrect key general was corrected from null to its default, SimpleCommentedConfig:{}. 
[11Apr2025 07:06:13.630] [main/WARN] [net.minecraftforge.common.ForgeConfigSpec/CORE]: Incorrect key general.creative_tab was corrected from null to its default, false. 
[11Apr2025 07:06:13.630] [main/WARN] [net.minecraftforge.common.ForgeConfigSpec/CORE]: Incorrect key general.dispensers was corrected from null to its default, true. 
[11Apr2025 07:06:13.630] [main/WARN] [net.minecraftforge.common.ForgeConfigSpec/CORE]: Incorrect key general.jar_tab was corrected from null to its default, false. 
[11Apr2025 07:06:13.631] [main/WARN] [net.minecraftforge.common.ForgeConfigSpec/CORE]: Incorrect key general.custom_configured_screen was corrected from null to its default, true. 
[11Apr2025 07:06:13.631] [main/WARN] [net.minecraftforge.common.ForgeConfigSpec/CORE]: Incorrect key general.debug_save_dynamic_pack was corrected from null to its default, false. 
[11Apr2025 07:06:13.632] [main/WARN] [net.minecraftforge.common.ForgeConfigSpec/CORE]: Incorrect key blocks was corrected from null to its default, SimpleCommentedConfig:{}. 
[11Apr2025 07:06:13.632] [main/WARN] [net.minecraftforge.common.ForgeConfigSpec/CORE]: Incorrect key blocks.planter was corrected from null to its default, true. 
[11Apr2025 07:06:13.632] [main/WARN] [net.minecraftforge.common.ForgeConfigSpec/CORE]: Incorrect key blocks.clock_block was corrected from null to its default, true. 
[11Apr2025 07:06:13.632] [main/WARN] [net.minecraftforge.common.ForgeConfigSpec/CORE]: Incorrect key blocks.pedestal was corrected from null to its default, true. 
[11Apr2025 07:06:13.632] [main/WARN] [net.minecraftforge.common.ForgeConfigSpec/CORE]: Incorrect key blocks.wind_vane was corrected from null to its default, true. 
[11Apr2025 07:06:13.633] [main/WARN] [net.minecraftforge.common.ForgeConfigSpec/CORE]: Incorrect key blocks.redstone_illuminator was corrected from null to its default, true. 
[11Apr2025 07:06:13.633] [main/WARN] [net.minecraftforge.common.ForgeConfigSpec/CORE]: Incorrect key blocks.notice_board was corrected from null to its default, true. 
[11Apr2025 07:06:13.633] [main/WARN] [net.minecraftforge.common.ForgeConfigSpec/CORE]: Incorrect key blocks.crank was corrected from null to its default, true. 
[11Apr2025 07:06:13.633] [main/WARN] [net.minecraftforge.common.ForgeConfigSpec/CORE]: Incorrect key blocks.jar was corrected from null to its default, true. 
[11Apr2025 07:06:13.633] [main/WARN] [net.minecraftforge.common.ForgeConfigSpec/CORE]: Incorrect key blocks.faucet was corrected from null to its default, true. 
[11Apr2025 07:06:13.634] [main/WARN] [net.minecraftforge.common.ForgeConfigSpec/CORE]: Incorrect key blocks.turn_table was corrected from null to its default, true. 
[11Apr2025 07:06:13.634] [main/WARN] [net.minecraftforge.common.ForgeConfigSpec/CORE]: Incorrect key blocks.spring_launcher was corrected from null to its default, true. 
[11Apr2025 07:06:13.634] [main/WARN] [net.minecraftforge.common.ForgeConfigSpec/CORE]: Incorrect key blocks.speaker_block was corrected from null to its default, true. 
[11Apr2025 07:06:13.634] [main/WARN] [net.minecraftforge.common.ForgeConfigSpec/CORE]: Incorrect key blocks.sign_post was corrected from null to its default, true. 
[11Apr2025 07:06:13.634] [main/WARN] [net.minecraftforge.common.ForgeConfigSpec/CORE]: Incorrect key blocks.hanging_sign was corrected from null to its default, true. 
[11Apr2025 07:06:13.635] [main/WARN] [net.minecraftforge.common.ForgeConfigSpec/CORE]: Incorrect key blocks.bellows was corrected from null to its default, true. 
[11Apr2025 07:06:13.635] [main/WARN] [net.minecraftforge.common.ForgeConfigSpec/CORE]: Incorrect key blocks.sconce was corrected from null to its default, true. 
[11Apr2025 07:06:13.635] [main/WARN] [net.minecraftforge.common.ForgeConfigSpec/CORE]: Incorrect key blocks.sconce_green was corrected from null to its default, false. 
[11Apr2025 07:06:13.635] [main/WARN] [net.minecraftforge.common.ForgeConfigSpec/CORE]: Incorrect key blocks.cage was corrected from null to its default, true. 
[11Apr2025 07:06:13.636] [main/WARN] [net.minecraftforge.common.ForgeConfigSpec/CORE]: Incorrect key blocks.item_shelf was corrected from null to its default, true. 
[11Apr2025 07:06:13.636] [main/WARN] [net.minecraftforge.common.ForgeConfigSpec/CORE]: Incorrect key blocks.sconce_lever was corrected from null to its default, true. 
[11Apr2025 07:06:13.636] [main/WARN] [net.minecraftforge.common.ForgeConfigSpec/CORE]: Incorrect key blocks.cog_block was corrected from null to its default, true. 
[11Apr2025 07:06:13.636] [main/WARN] [net.minecraftforge.common.ForgeConfigSpec/CORE]: Incorrect key blocks.globe was corrected from null to its default, true. 
[11Apr2025 07:06:13.637] [main/WARN] [net.minecraftforge.common.ForgeConfigSpec/CORE]: Incorrect key blocks.hourglass was corrected from null to its default, true. 
[11Apr2025 07:06:13.637] [main/WARN] [net.minecraftforge.common.ForgeConfigSpec/CORE]: Incorrect key blocks.sack was corrected from null to its default, true. 
[11Apr2025 07:06:13.637] [main/WARN] [net.minecraftforge.common.ForgeConfigSpec/CORE]: Incorrect key blocks.blackboard was corrected from null to its default, true. 
[11Apr2025 07:06:13.638] [main/WARN] [net.minecraftforge.common.ForgeConfigSpec/CORE]: Incorrect key blocks.safe was corrected from null to its default, true. 
[11Apr2025 07:06:13.638] [main/WARN] [net.minecraftforge.common.ForgeConfigSpec/CORE]: Incorrect key blocks.copper_lantern was corrected from null to its default, true. 
[11Apr2025 07:06:13.638] [main/WARN] [net.minecraftforge.common.ForgeConfigSpec/CORE]: Incorrect key blocks.gold_trapdoor was corrected from null to its default, true. 
[11Apr2025 07:06:13.639] [main/WARN] [net.minecraftforge.common.ForgeConfigSpec/CORE]: Incorrect key blocks.gold_door was corrected from null to its default, true. 
[11Apr2025 07:06:13.639] [main/WARN] [net.minecraftforge.common.ForgeConfigSpec/CORE]: Incorrect key blocks.bamboo_spikes was corrected from null to its default, true. 
[11Apr2025 07:06:13.639] [main/WARN] [net.minecraftforge.common.ForgeConfigSpec/CORE]: Incorrect key blocks.bamboo_spikes_tipped was corrected from null to its default, true. 
[11Apr2025 07:06:13.640] [main/WARN] [net.minecraftforge.common.ForgeConfigSpec/CORE]: Incorrect key blocks.stone_lamp was corrected from null to its default, true. 
[11Apr2025 07:06:13.640] [main/WARN] [net.minecraftforge.common.ForgeConfigSpec/CORE]: Incorrect key blocks.end_stone_lamp was corrected from null to its default, true. 
[11Apr2025 07:06:13.641] [main/WARN] [net.minecraftforge.common.ForgeConfigSpec/CORE]: Incorrect key blocks.blackstone_lamp was corrected from null to its default, true. 
[11Apr2025 07:06:13.641] [main/WARN] [net.minecraftforge.common.ForgeConfigSpec/CORE]: Incorrect key blocks.deepslate_lamp was corrected from null to its default, true. 
[11Apr2025 07:06:13.641] [main/WARN] [net.minecraftforge.common.ForgeConfigSpec/CORE]: Incorrect key blocks.checker_block was corrected from null to its default, true. 
[11Apr2025 07:06:13.641] [main/WARN] [net.minecraftforge.common.ForgeConfigSpec/CORE]: Incorrect key blocks.netherite_door was corrected from null to its default, true. 
[11Apr2025 07:06:13.642] [main/WARN] [net.minecraftforge.common.ForgeConfigSpec/CORE]: Incorrect key blocks.netherite_trapdoor was corrected from null to its default, true. 
[11Apr2025 07:06:13.642] [main/WARN] [net.minecraftforge.common.ForgeConfigSpec/CORE]: Incorrect key blocks.lock_block was corrected from null to its default, true. 
[11Apr2025 07:06:13.643] [main/WARN] [net.minecraftforge.common.ForgeConfigSpec/CORE]: Incorrect key blocks.flax was corrected from null to its default, true. 
[11Apr2025 07:06:13.644] [main/WARN] [net.minecraftforge.common.ForgeConfigSpec/CORE]: Incorrect key blocks.rope was corrected from null to its default, true. 
[11Apr2025 07:06:13.645] [main/WARN] [net.minecraftforge.common.ForgeConfigSpec/CORE]: Incorrect key blocks.pulley_block was corrected from null to its default, true. 
[11Apr2025 07:06:13.645] [main/WARN] [net.minecraftforge.common.ForgeConfigSpec/CORE]: Incorrect key blocks.fodder was corrected from null to its default, true. 
[11Apr2025 07:06:13.646] [main/WARN] [net.minecraftforge.common.ForgeConfigSpec/CORE]: Incorrect key blocks.crimson_lantern was corrected from null to its default, true. 
[11Apr2025 07:06:13.646] [main/WARN] [net.minecraftforge.common.ForgeConfigSpec/CORE]: Incorrect key blocks.magma_cream_block was corrected from null to its default, true. 
[11Apr2025 07:06:13.648] [main/WARN] [net.minecraftforge.common.ForgeConfigSpec/CORE]: Incorrect key blocks.daub was corrected from null to its default, true. 
[11Apr2025 07:06:13.648] [main/WARN] [net.minecraftforge.common.ForgeConfigSpec/CORE]: Incorrect key blocks.wattle_and_daub was corrected from null to its default, true. 
[11Apr2025 07:06:13.649] [main/WARN] [net.minecraftforge.common.ForgeConfigSpec/CORE]: Incorrect key blocks.timber_frame was corrected from null to its default, true. 
[11Apr2025 07:06:13.649] [main/WARN] [net.minecraftforge.common.ForgeConfigSpec/CORE]: Incorrect key blocks.flag was corrected from null to its default, true. 
[11Apr2025 07:06:13.650] [main/WARN] [net.minecraftforge.common.ForgeConfigSpec/CORE]: Incorrect key blocks.stone_tile was corrected from null to its default, true. 
[11Apr2025 07:06:13.650] [main/WARN] [net.minecraftforge.common.ForgeConfigSpec/CORE]: Incorrect key blocks.goblet was corrected from null to its default, true. 
[11Apr2025 07:06:13.651] [main/WARN] [net.minecraftforge.common.ForgeConfigSpec/CORE]: Incorrect key blocks.raked_gravel was corrected from null to its default, true. 
[11Apr2025 07:06:13.652] [main/WARN] [net.minecraftforge.common.ForgeConfigSpec/CORE]: Incorrect key blocks.statue was corrected from null to its default, true. 
[11Apr2025 07:06:13.653] [main/WARN] [net.minecraftforge.common.ForgeConfigSpec/CORE]: Incorrect key blocks.iron_gate was corrected from null to its default, true. 
[11Apr2025 07:06:13.653] [main/WARN] [net.minecraftforge.common.ForgeConfigSpec/CORE]: Incorrect key blocks.feather_block was corrected from null to its default, true. 
[11Apr2025 07:06:13.654] [main/WARN] [net.minecraftforge.common.ForgeConfigSpec/CORE]: Incorrect key blocks.flint_block was corrected from null to its default, true. 
[11Apr2025 07:06:13.654] [main/WARN] [net.minecraftforge.common.ForgeConfigSpec/CORE]: Incorrect key blocks.urn was corrected from null to its default, true. 
[11Apr2025 07:06:13.654] [main/WARN] [net.minecraftforge.common.ForgeConfigSpec/CORE]: Incorrect key blocks.ash was corrected from null to its default, true. 
[11Apr2025 07:06:13.654] [main/WARN] [net.minecraftforge.common.ForgeConfigSpec/CORE]: Incorrect key blocks.ash_bricks was corrected from null to its default, true. 
[11Apr2025 07:06:13.655] [main/WARN] [net.minecraftforge.common.ForgeConfigSpec/CORE]: Incorrect key blocks.doormat was corrected from null to its default, true. 
[11Apr2025 07:06:13.655] [main/WARN] [net.minecraftforge.common.ForgeConfigSpec/CORE]: Incorrect key blocks.flower_box was corrected from null to its default, true. 
[11Apr2025 07:06:13.655] [main/WARN] [net.minecraftforge.common.ForgeConfigSpec/CORE]: Incorrect key blocks.blackstone_tile was corrected from null to its default, true. 
[11Apr2025 07:06:13.655] [main/WARN] [net.minecraftforge.common.ForgeConfigSpec/CORE]: Incorrect key blocks.globe_sepia was corrected from null to its default, true. 
[11Apr2025 07:06:13.656] [main/WARN] [net.minecraftforge.common.ForgeConfigSpec/CORE]: Incorrect key blocks.present was corrected from null to its default, true. 
[11Apr2025 07:06:13.656] [main/WARN] [net.minecraftforge.common.ForgeConfigSpec/CORE]: Incorrect key blocks.sugar_cube was corrected from null to its default, true. 
[11Apr2025 07:06:13.656] [main/WARN] [net.minecraftforge.common.ForgeConfigSpec/CORE]: Incorrect key blocks.lapis_bricks was corrected from null to its default, true. 
[11Apr2025 07:06:13.656] [main/WARN] [net.minecraftforge.common.ForgeConfigSpec/CORE]: Incorrect key blocks.relayer was corrected from null to its default, true. 
[11Apr2025 07:06:13.656] [main/WARN] [net.minecraftforge.common.ForgeConfigSpec/CORE]: Incorrect key blocks.crystal_display was corrected from null to its default, true. 
[11Apr2025 07:06:13.657] [main/WARN] [net.minecraftforge.common.ForgeConfigSpec/CORE]: Incorrect key blocks.candle_holder was corrected from null to its default, true. 
[11Apr2025 07:06:13.657] [main/WARN] [net.minecraftforge.common.ForgeConfigSpec/CORE]: Incorrect key blocks.silver_trapdoor was corrected from null to its default, true. 
[11Apr2025 07:06:13.658] [main/WARN] [net.minecraftforge.common.ForgeConfigSpec/CORE]: Incorrect key blocks.silver_door was corrected from null to its default, true. 
[11Apr2025 07:06:13.658] [main/WARN] [net.minecraftforge.common.ForgeConfigSpec/CORE]: Incorrect key blocks.lead_trapdoor was corrected from null to its default, true. 
[11Apr2025 07:06:13.658] [main/WARN] [net.minecraftforge.common.ForgeConfigSpec/CORE]: Incorrect key blocks.lead_door was corrected from null to its default, true. 
[11Apr2025 07:06:13.659] [main/WARN] [net.minecraftforge.common.ForgeConfigSpec/CORE]: Incorrect key items was corrected from null to its default, SimpleCommentedConfig:{}. 
[11Apr2025 07:06:13.659] [main/WARN] [net.minecraftforge.common.ForgeConfigSpec/CORE]: Incorrect key items.flute was corrected from null to its default, true. 
[11Apr2025 07:06:13.659] [main/WARN] [net.minecraftforge.common.ForgeConfigSpec/CORE]: Incorrect key items.stasis was corrected from null to its default, true. 
[11Apr2025 07:06:13.659] [main/WARN] [net.minecraftforge.common.ForgeConfigSpec/CORE]: Incorrect key items.dispenser_minecart was corrected from null to its default, true. 
[11Apr2025 07:06:13.659] [main/WARN] [net.minecraftforge.common.ForgeConfigSpec/CORE]: Incorrect key items.soap was corrected from null to its default, true. 
[11Apr2025 07:06:13.660] [main/WARN] [net.minecraftforge.common.ForgeConfigSpec/CORE]: Incorrect key items.bubble_blower was corrected from null to its default, true. 
[11Apr2025 07:06:13.660] [main/WARN] [net.minecraftforge.common.ForgeConfigSpec/CORE]: Incorrect key items.antique_ink was corrected from null to its default, true. 
[11Apr2025 07:06:13.660] [main/WARN] [net.minecraftforge.common.ForgeConfigSpec/CORE]: Incorrect key items.shulker_shell was corrected from null to its default, true. 
[11Apr2025 07:06:13.660] [main/WARN] [net.minecraftforge.common.ForgeConfigSpec/CORE]: Incorrect key items.candy was corrected from null to its default, true. 
[11Apr2025 07:06:13.660] [main/WARN] [net.minecraftforge.common.ForgeConfigSpec/CORE]: Incorrect key items.wrench was corrected from null to its default, true. 
[11Apr2025 07:06:13.660] [main/WARN] [net.minecraftforge.common.ForgeConfigSpec/CORE]: Incorrect key items.slingshot was corrected from null to its default, true. 
[11Apr2025 07:06:13.662] [main/WARN] [net.minecraftforge.common.ForgeConfigSpec/CORE]: Incorrect key items.rope_arrow was corrected from null to its default, true. 
[11Apr2025 07:06:13.663] [main/WARN] [net.minecraftforge.common.ForgeConfigSpec/CORE]: Incorrect key items.bomb was corrected from null to its default, true. 
[11Apr2025 07:06:13.663] [main/WARN] [net.minecraftforge.common.ForgeConfigSpec/CORE]: Incorrect key items.pancake was corrected from null to its default, true. 
[11Apr2025 07:06:13.664] [main/WARN] [net.minecraftforge.common.ForgeConfigSpec/CORE]: Incorrect key items.quiver was corrected from null to its default, true. 
[11Apr2025 07:06:14.498] [main/FATAL] [net.minecraftforge.fml.loading.RuntimeDistCleaner/DISTXFORM]: Attempted to load class net/minecraft/client/player/LocalPlayer for invalid dist DEDICATED_SERVER
[11Apr2025 07:06:14.502] [main/WARN] [mixin/]: Error loading class: net/minecraft/client/player/LocalPlayer (java.lang.RuntimeException: Attempted to load class net/minecraft/client/player/LocalPlayer for invalid dist DEDICATED_SERVER)
[11Apr2025 07:06:14.502] [main/WARN] [mixin/]: @Mixin target net.minecraft.client.player.LocalPlayer was not found playerrevive.mixins.json:LocalPlayerAccessor
[11Apr2025 07:06:21.923] [modloading-worker-0/INFO] [Spartan Shields/]: Constructing Mod: Spartan Shields
[11Apr2025 07:06:22.024] [modloading-worker-0/INFO] [com.tterrag.registrate.AbstractRegistrate/]: Detected new forge version, registering events reflectively.
[11Apr2025 07:06:23.093] [modloading-worker-0/INFO] [dev.felnull.otyacraftengine.OtyacraftEngine/]: 
                     ==     =-
                     ==    ==
               ==    ========     =-
                =============== -=
               :==================
           ==+=====================   =           #####   ######   ##  ##     ##       ####   ######     ##     #######  ######
            ==========================           ##   ##  # ## #   ##  ##    ####     ##  ##   ##  ##   ####     ##   #  # ## #
            ==========     ==========            ##   ##    ##     ##  ##   ##  ##   ##        ##  ##  ##  ##    ## #      ##
        +  =========         ========+           ##   ##    ##      ####    ##  ##   ##        #####   ##  ##    ####      ##
        -+=========           ========++++       ##   ##    ##       ##     ######   ##        ## ##   ######    ## #      ##
          ========+           +========+.        ##   ##    ##       ##     ##  ##    ##  ##   ##  ##  ##  ##    ##        ##
          +=======*           *=======*           #####    ####     ####    ##  ##     ####   #### ##  ##  ##   ####      ####
          ========*           +=======*
       *+=-========           =========                       #######  ##   ##    ####    ####    ##   ##  #######
           =========         ========= +=                      ##   #  ###  ##   ##  ##    ##     ###  ##   ##   #
           -=========.     -=========                          ## #    #### ##  ##         ##     #### ##   ## #
          :=========================-                          ####    ## ####  ##         ##     ## ####   ####
          =   =======================-                         ## #    ##  ###  ##  ###    ##     ##  ###   ## #
               ==================    -                         ##   #  ##   ##   ##  ##    ##     ##   ##   ##   #
               =================+                             #######  ##   ##    #####   ####    ##   ##  #######
              =.    ========   .=
                    =     ==
                   *=     =+

[11Apr2025 07:06:23.104] [modloading-worker-0/INFO] [dev.architectury.networking.forge.NetworkManagerImpl/]: Registering C2S receiver with id architectury:sync_ids
[11Apr2025 07:06:23.110] [modloading-worker-0/INFO] [dev.architectury.networking.forge.NetworkManagerImpl/]: Registering C2S receiver with id otyacraftengine:block_entity_instruction
[11Apr2025 07:06:23.114] [modloading-worker-0/INFO] [dev.architectury.networking.forge.NetworkManagerImpl/]: Registering C2S receiver with id otyacraftengine:item_instruction
[11Apr2025 07:06:23.121] [modloading-worker-0/INFO] [dev.architectury.networking.forge.NetworkManagerImpl/]: Registering C2S receiver with id iammusicplayer:music_sync
[11Apr2025 07:06:23.125] [modloading-worker-0/INFO] [dev.architectury.networking.forge.NetworkManagerImpl/]: Registering C2S receiver with id iammusicplayer:music_playlist_add
[11Apr2025 07:06:23.125] [modloading-worker-0/INFO] [dev.architectury.networking.forge.NetworkManagerImpl/]: Registering C2S receiver with id iammusicplayer:music_playlist_edit
[11Apr2025 07:06:23.125] [modloading-worker-0/INFO] [dev.architectury.networking.forge.NetworkManagerImpl/]: Registering C2S receiver with id iammusicplayer:music_playlist_change_authority
[11Apr2025 07:06:23.130] [modloading-worker-0/INFO] [dev.architectury.networking.forge.NetworkManagerImpl/]: Registering C2S receiver with id iammusicplayer:music_add
[11Apr2025 07:06:23.130] [modloading-worker-0/INFO] [dev.architectury.networking.forge.NetworkManagerImpl/]: Registering C2S receiver with id iammusicplayer:music_edit
[11Apr2025 07:06:23.131] [modloading-worker-0/INFO] [dev.architectury.networking.forge.NetworkManagerImpl/]: Registering C2S receiver with id iammusicplayer:music_ring_ready_result
[11Apr2025 07:06:23.131] [modloading-worker-0/INFO] [dev.architectury.networking.forge.NetworkManagerImpl/]: Registering C2S receiver with id iammusicplayer:music_ring_update_result
[11Apr2025 07:06:23.132] [modloading-worker-0/INFO] [dev.architectury.networking.forge.NetworkManagerImpl/]: Registering C2S receiver with id iammusicplayer:music_or_playlist_delete
[11Apr2025 07:06:23.133] [modloading-worker-0/INFO] [dev.architectury.networking.forge.NetworkManagerImpl/]: Registering C2S receiver with id iammusicplayer:multiple_music_add
[11Apr2025 07:06:23.136] [modloading-worker-0/INFO] [dev.architectury.networking.forge.NetworkManagerImpl/]: Registering C2S receiver with id iammusicplayer:hand_lid_cycle
[11Apr2025 07:06:23.445] [modloading-worker-0/INFO] [net.minecraftforge.common.ForgeMod/FORGEMOD]: Forge mod loading, version 40.2.9, for MC 1.18.2 with MCP 20220404.173914
[11Apr2025 07:06:23.445] [modloading-worker-0/INFO] [net.minecraftforge.common.MinecraftForge/FORGE]: MinecraftForge v40.2.9 Initialized
[11Apr2025 07:06:23.807] [modloading-worker-0/WARN] [net.minecraftforge.common.ForgeConfigSpec/CORE]: Configuration file /workspaces/MinecraftServer2.0/servidor_minecraft/config/appleskin-client.toml is not correct. Correcting
[11Apr2025 07:06:23.810] [modloading-worker-0/WARN] [net.minecraftforge.common.ForgeConfigSpec/CORE]: Incorrect key client was corrected from null to its default, SimpleCommentedConfig:{}. 
[11Apr2025 07:06:23.810] [modloading-worker-0/WARN] [net.minecraftforge.common.ForgeConfigSpec/CORE]: Incorrect key client.showFoodValuesInTooltip was corrected from null to its default, true. 
[11Apr2025 07:06:23.815] [modloading-worker-0/WARN] [net.minecraftforge.common.ForgeConfigSpec/CORE]: Incorrect key client.showFoodValuesInTooltipAlways was corrected from null to its default, true. 
[11Apr2025 07:06:23.815] [modloading-worker-0/WARN] [net.minecraftforge.common.ForgeConfigSpec/CORE]: Incorrect key client.showSaturationHudOverlay was corrected from null to its default, true. 
[11Apr2025 07:06:23.816] [modloading-worker-0/WARN] [net.minecraftforge.common.ForgeConfigSpec/CORE]: Incorrect key client.showFoodValuesHudOverlay was corrected from null to its default, true. 
[11Apr2025 07:06:23.817] [modloading-worker-0/WARN] [net.minecraftforge.common.ForgeConfigSpec/CORE]: Incorrect key client.showFoodValuesHudOverlayWhenOffhand was corrected from null to its default, true. 
[11Apr2025 07:06:23.818] [modloading-worker-0/WARN] [net.minecraftforge.common.ForgeConfigSpec/CORE]: Incorrect key client.showFoodExhaustionHudUnderlay was corrected from null to its default, true. 
[11Apr2025 07:06:23.821] [modloading-worker-0/WARN] [net.minecraftforge.common.ForgeConfigSpec/CORE]: Incorrect key client.showFoodStatsInDebugOverlay was corrected from null to its default, true. 
[11Apr2025 07:06:23.821] [modloading-worker-0/WARN] [net.minecraftforge.common.ForgeConfigSpec/CORE]: Incorrect key client.showFoodHealthHudOverlay was corrected from null to its default, true. 
[11Apr2025 07:06:23.821] [modloading-worker-0/WARN] [net.minecraftforge.common.ForgeConfigSpec/CORE]: Incorrect key client.showVanillaAnimationsOverlay was corrected from null to its default, true. 
[11Apr2025 07:06:23.821] [modloading-worker-0/WARN] [net.minecraftforge.common.ForgeConfigSpec/CORE]: Incorrect key client.maxHudOverlayFlashAlpha was corrected from null to its default, 0.65. 
[11Apr2025 07:06:23.828] [modloading-worker-0/INFO] [be.florens.expandability.ExpandAbility/]: ExpandAbility here, who dis?
[11Apr2025 07:06:46.247] [main/INFO] [net.minecraftforge.registries.GameData/]: Potentially Dangerous alternative prefix `minecraft` for name `shulker_shell`, expected `supplementaries`. This could be a intended override, but in most cases indicates a broken mod.
[11Apr2025 07:06:47.122] [main/INFO] [net.minecraftforge.registries.GameData/]: Potentially Dangerous alternative prefix `minecraft` for name `milk`, expected `forge`. This could be a intended override, but in most cases indicates a broken mod.
[11Apr2025 07:06:47.123] [main/INFO] [net.minecraftforge.registries.GameData/]: Potentially Dangerous alternative prefix `minecraft` for name `flowing_milk`, expected `forge`. This could be a intended override, but in most cases indicates a broken mod.
[11Apr2025 07:06:47.694] [main/WARN] [net.minecraft.network.syncher.SynchedEntityData/]: defineId called for: class com.github.alexthe666.alexsmobs.entity.EntityLeafcutterAnt from class com.github.alexthe666.alexsmobs.entity.EntityDevilsHolePupfish
[11Apr2025 07:06:47.695] [main/WARN] [net.minecraft.network.syncher.SynchedEntityData/]: defineId called for: class com.github.alexthe666.alexsmobs.entity.EntityMantisShrimp from class com.github.alexthe666.alexsmobs.entity.EntitySkelewag
[11Apr2025 07:06:47.731] [main/WARN] [net.minecraftforge.common.ForgeConfigSpec/CORE]: Configuration file /workspaces/MinecraftServer2.0/servidor_minecraft/config/farmersdelight-common.toml is not correct. Correcting
[11Apr2025 07:06:47.732] [main/WARN] [net.minecraftforge.common.ForgeConfigSpec/CORE]: Incorrect key settings was corrected from null to its default, SimpleCommentedConfig:{}. 
[11Apr2025 07:06:47.735] [main/WARN] [net.minecraftforge.common.ForgeConfigSpec/CORE]: Incorrect key settings.enableVanillaCropCrates was corrected from null to its default, true. 
[11Apr2025 07:06:47.735] [main/WARN] [net.minecraftforge.common.ForgeConfigSpec/CORE]: Incorrect key settings.farmersBuyFDCrops was corrected from null to its default, true. 
[11Apr2025 07:06:47.735] [main/WARN] [net.minecraftforge.common.ForgeConfigSpec/CORE]: Incorrect key settings.wanderingTraderSellsFDItems was corrected from null to its default, true. 
[11Apr2025 07:06:47.735] [main/WARN] [net.minecraftforge.common.ForgeConfigSpec/CORE]: Incorrect key settings.richSoilBoostChance was corrected from null to its default, 0.2. 
[11Apr2025 07:06:47.736] [main/WARN] [net.minecraftforge.common.ForgeConfigSpec/CORE]: Incorrect key settings.cuttingBoardFortuneBonus was corrected from null to its default, 0.1. 
[11Apr2025 07:06:47.736] [main/WARN] [net.minecraftforge.common.ForgeConfigSpec/CORE]: Incorrect key settings.enableRopeReeling was corrected from null to its default, true. 
[11Apr2025 07:06:47.736] [main/WARN] [net.minecraftforge.common.ForgeConfigSpec/CORE]: Incorrect key settings.canvasSignDarkBackgroundList was corrected from null to its default, [gray, purple, blue, brown, green, red, black]. 
[11Apr2025 07:06:47.741] [main/WARN] [net.minecraftforge.common.ForgeConfigSpec/CORE]: Incorrect key farming was corrected from null to its default, SimpleCommentedConfig:{}. 
[11Apr2025 07:06:47.741] [main/WARN] [net.minecraftforge.common.ForgeConfigSpec/CORE]: Incorrect key farming.defaultTomatoVineRope was corrected from null to its default, farmersdelight:rope. 
[11Apr2025 07:06:47.741] [main/WARN] [net.minecraftforge.common.ForgeConfigSpec/CORE]: Incorrect key farming.enableTomatoVineClimbingTaggedRopes was corrected from null to its default, true. 
[11Apr2025 07:06:47.743] [main/WARN] [net.minecraftforge.common.ForgeConfigSpec/CORE]: Incorrect key recipe_book was corrected from null to its default, SimpleCommentedConfig:{}. 
[11Apr2025 07:06:47.743] [main/WARN] [net.minecraftforge.common.ForgeConfigSpec/CORE]: Incorrect key recipe_book.enableRecipeBookCookingPot was corrected from null to its default, true. 
[11Apr2025 07:06:47.748] [main/WARN] [net.minecraftforge.common.ForgeConfigSpec/CORE]: Incorrect key overrides was corrected from null to its default, SimpleCommentedConfig:{}. 
[11Apr2025 07:06:47.748] [main/WARN] [net.minecraftforge.common.ForgeConfigSpec/CORE]: Incorrect key overrides.vanillaSoupExtraEffects was corrected from null to its default, true. 
[11Apr2025 07:06:47.748] [main/WARN] [net.minecraftforge.common.ForgeConfigSpec/CORE]: Incorrect key overrides.rabbitStewJumpBoost was corrected from null to its default, true. 
[11Apr2025 07:06:47.748] [main/WARN] [net.minecraftforge.common.ForgeConfigSpec/CORE]: Incorrect key overrides.dispenserUsesToolsOnCuttingBoard was corrected from null to its default, true. 
[11Apr2025 07:06:47.748] [main/WARN] [net.minecraftforge.common.ForgeConfigSpec/CORE]: Incorrect key overrides.stack_size was corrected from null to its default, SimpleCommentedConfig:{}. 
[11Apr2025 07:06:47.749] [main/WARN] [net.minecraftforge.common.ForgeConfigSpec/CORE]: Incorrect key overrides.stack_size.enableStackableSoupItems was corrected from null to its default, true. 
[11Apr2025 07:06:47.749] [main/WARN] [net.minecraftforge.common.ForgeConfigSpec/CORE]: Incorrect key overrides.stack_size.soupItemList was corrected from null to its default, [minecraft:mushroom_stew, minecraft:beetroot_soup, minecraft:rabbit_stew]. 
[11Apr2025 07:06:47.751] [main/WARN] [net.minecraftforge.common.ForgeConfigSpec/CORE]: Incorrect key world was corrected from null to its default, SimpleCommentedConfig:{}. 
[11Apr2025 07:06:47.751] [main/WARN] [net.minecraftforge.common.ForgeConfigSpec/CORE]: Incorrect key world.generateFDChestLoot was corrected from null to its default, true. 
[11Apr2025 07:06:47.751] [main/WARN] [net.minecraftforge.common.ForgeConfigSpec/CORE]: Incorrect key world.genVillageCompostHeaps was corrected from null to its default, true. 
[11Apr2025 07:06:47.755] [main/WARN] [net.minecraftforge.common.ForgeConfigSpec/CORE]: Incorrect key world.wild_cabbages was corrected from null to its default, SimpleCommentedConfig:{}. 
[11Apr2025 07:06:47.755] [main/WARN] [net.minecraftforge.common.ForgeConfigSpec/CORE]: Incorrect key world.wild_cabbages.genWildCabbages was corrected from null to its default, true. 
[11Apr2025 07:06:47.755] [main/WARN] [net.minecraftforge.common.ForgeConfigSpec/CORE]: Incorrect key world.wild_cabbages.chance was corrected from null to its default, 30. 
[11Apr2025 07:06:47.755] [main/WARN] [net.minecraftforge.common.ForgeConfigSpec/CORE]: Incorrect key world.wild_beetroots was corrected from null to its default, SimpleCommentedConfig:{}. 
[11Apr2025 07:06:47.755] [main/WARN] [net.minecraftforge.common.ForgeConfigSpec/CORE]: Incorrect key world.wild_beetroots.genWildBeetroots was corrected from null to its default, true. 
[11Apr2025 07:06:47.756] [main/WARN] [net.minecraftforge.common.ForgeConfigSpec/CORE]: Incorrect key world.wild_beetroots.chance was corrected from null to its default, 30. 
[11Apr2025 07:06:47.756] [main/WARN] [net.minecraftforge.common.ForgeConfigSpec/CORE]: Incorrect key world.wild_potatoes was corrected from null to its default, SimpleCommentedConfig:{}. 
[11Apr2025 07:06:47.756] [main/WARN] [net.minecraftforge.common.ForgeConfigSpec/CORE]: Incorrect key world.wild_potatoes.genWildPotatoes was corrected from null to its default, true. 
[11Apr2025 07:06:47.757] [main/WARN] [net.minecraftforge.common.ForgeConfigSpec/CORE]: Incorrect key world.wild_potatoes.chance was corrected from null to its default, 100. 
[11Apr2025 07:06:47.757] [main/WARN] [net.minecraftforge.common.ForgeConfigSpec/CORE]: Incorrect key world.wild_carrots was corrected from null to its default, SimpleCommentedConfig:{}. 
[11Apr2025 07:06:47.757] [main/WARN] [net.minecraftforge.common.ForgeConfigSpec/CORE]: Incorrect key world.wild_carrots.genWildCarrots was corrected from null to its default, true. 
[11Apr2025 07:06:47.758] [main/WARN] [net.minecraftforge.common.ForgeConfigSpec/CORE]: Incorrect key world.wild_carrots.chance was corrected from null to its default, 120. 
[11Apr2025 07:06:47.758] [main/WARN] [net.minecraftforge.common.ForgeConfigSpec/CORE]: Incorrect key world.wild_onions was corrected from null to its default, SimpleCommentedConfig:{}. 
[11Apr2025 07:06:47.758] [main/WARN] [net.minecraftforge.common.ForgeConfigSpec/CORE]: Incorrect key world.wild_onions.genWildOnions was corrected from null to its default, true. 
[11Apr2025 07:06:47.758] [main/WARN] [net.minecraftforge.common.ForgeConfigSpec/CORE]: Incorrect key world.wild_onions.chance was corrected from null to its default, 120. 
[11Apr2025 07:06:47.758] [main/WARN] [net.minecraftforge.common.ForgeConfigSpec/CORE]: Incorrect key world.wild_tomatoes was corrected from null to its default, SimpleCommentedConfig:{}. 
[11Apr2025 07:06:47.761] [main/WARN] [net.minecraftforge.common.ForgeConfigSpec/CORE]: Incorrect key world.wild_tomatoes.genWildTomatoes was corrected from null to its default, true. 
[11Apr2025 07:06:47.762] [main/WARN] [net.minecraftforge.common.ForgeConfigSpec/CORE]: Incorrect key world.wild_tomatoes.chance was corrected from null to its default, 100. 
[11Apr2025 07:06:47.762] [main/WARN] [net.minecraftforge.common.ForgeConfigSpec/CORE]: Incorrect key world.wild_rice was corrected from null to its default, SimpleCommentedConfig:{}. 
[11Apr2025 07:06:47.762] [main/WARN] [net.minecraftforge.common.ForgeConfigSpec/CORE]: Incorrect key world.wild_rice.genWildRice was corrected from null to its default, true. 
[11Apr2025 07:06:47.763] [main/WARN] [net.minecraftforge.common.ForgeConfigSpec/CORE]: Incorrect key world.wild_rice.chance was corrected from null to its default, 20. 
[11Apr2025 07:06:47.763] [main/WARN] [net.minecraftforge.common.ForgeConfigSpec/CORE]: Incorrect key world.brown_mushroom_colonies was corrected from null to its default, SimpleCommentedConfig:{}. 
[11Apr2025 07:06:47.763] [main/WARN] [net.minecraftforge.common.ForgeConfigSpec/CORE]: Incorrect key world.brown_mushroom_colonies.genBrownMushroomColony was corrected from null to its default, true. 
[11Apr2025 07:06:47.763] [main/WARN] [net.minecraftforge.common.ForgeConfigSpec/CORE]: Incorrect key world.brown_mushroom_colonies.chance was corrected from null to its default, 15. 
[11Apr2025 07:06:47.765] [main/WARN] [net.minecraftforge.common.ForgeConfigSpec/CORE]: Incorrect key world.red_mushroom_colonies was corrected from null to its default, SimpleCommentedConfig:{}. 
[11Apr2025 07:06:47.765] [main/WARN] [net.minecraftforge.common.ForgeConfigSpec/CORE]: Incorrect key world.red_mushroom_colonies.genRedMushroomColony was corrected from null to its default, true. 
[11Apr2025 07:06:47.766] [main/WARN] [net.minecraftforge.common.ForgeConfigSpec/CORE]: Incorrect key world.red_mushroom_colonies.chance was corrected from null to its default, 15. 
[11Apr2025 07:06:47.779] [main/WARN] [net.minecraftforge.common.ForgeConfigSpec/CORE]: Configuration file /workspaces/MinecraftServer2.0/servidor_minecraft/config/sophisticatedcore-common.toml is not correct. Correcting
[11Apr2025 07:06:47.779] [main/WARN] [net.minecraftforge.common.ForgeConfigSpec/CORE]: Incorrect key common was corrected from null to its default, SimpleCommentedConfig:{}. 
[11Apr2025 07:06:47.780] [main/WARN] [net.minecraftforge.common.ForgeConfigSpec/CORE]: Incorrect key common.enabledItems was corrected from null to its default, []. 
[11Apr2025 07:06:47.782] [main/WARN] [net.minecraftforge.common.ForgeConfigSpec/CORE]: Configuration file /workspaces/MinecraftServer2.0/servidor_minecraft/config/unusualfishmod.toml is not correct. Correcting
[11Apr2025 07:06:47.782] [main/WARN] [net.minecraftforge.common.ForgeConfigSpec/CORE]: Incorrect key general was corrected from null to its default, SimpleCommentedConfig:{}. 
[11Apr2025 07:06:47.783] [main/WARN] [net.minecraftforge.common.ForgeConfigSpec/CORE]: Incorrect key general.caveloachSpawnHeight was corrected from null to its default, 30. 
[11Apr2025 07:06:47.783] [main/WARN] [net.minecraftforge.common.ForgeConfigSpec/CORE]: Incorrect key general.deepCrawlerSpawnHeight was corrected from null to its default, 20. 
[11Apr2025 07:06:47.784] [main/WARN] [net.minecraftforge.common.ForgeConfigSpec/CORE]: Incorrect key general.prawnSpawnHeight was corrected from null to its default, 0. 
[11Apr2025 07:06:47.784] [main/WARN] [net.minecraftforge.common.ForgeConfigSpec/CORE]: Incorrect key general.falseSwordfishSpawnHeight was corrected from null to its default, 0. 
[11Apr2025 07:06:47.784] [main/WARN] [net.minecraftforge.common.ForgeConfigSpec/CORE]: Incorrect key general.hatchetFishSpawnHeight was corrected from null to its default, 0. 
[11Apr2025 07:06:47.787] [main/WARN] [net.minecraftforge.common.ForgeConfigSpec/CORE]: Incorrect key general.mossthornSpawnHeight was corrected from null to its default, 40. 
[11Apr2025 07:06:47.787] [main/WARN] [net.minecraftforge.common.ForgeConfigSpec/CORE]: Incorrect key general.shockcatSpawnHeight was corrected from null to its default, 10. 
[11Apr2025 07:06:47.787] [main/WARN] [net.minecraftforge.common.ForgeConfigSpec/CORE]: Incorrect key general.smelterSnailSpawnHeight was corrected from null to its default, -10. 
[11Apr2025 07:06:47.787] [main/WARN] [net.minecraftforge.common.ForgeConfigSpec/CORE]: Incorrect key general.spawning was corrected from null to its default, SimpleCommentedConfig:{}. 
[11Apr2025 07:06:47.787] [main/WARN] [net.minecraftforge.common.ForgeConfigSpec/CORE]: Incorrect key general.spawning.aeroMonoSpawnWeight was corrected from null to its default, 30. 
[11Apr2025 07:06:47.788] [main/WARN] [net.minecraftforge.common.ForgeConfigSpec/CORE]: Incorrect key general.spawning.aeroMonoSpawnRolls was corrected from null to its default, 0. 
[11Apr2025 07:06:47.788] [main/WARN] [net.minecraftforge.common.ForgeConfigSpec/CORE]: Incorrect key general.spawning.ahmarIdolSpawnWeight was corrected from null to its default, 20. 
[11Apr2025 07:06:47.788] [main/WARN] [net.minecraftforge.common.ForgeConfigSpec/CORE]: Incorrect key general.spawning.ahmarIdolSpawnRolls was corrected from null to its default, 0. 
[11Apr2025 07:06:47.788] [main/WARN] [net.minecraftforge.common.ForgeConfigSpec/CORE]: Incorrect key general.spawning.barkAngelSpawnWeight was corrected from null to its default, 30. 
[11Apr2025 07:06:47.788] [main/WARN] [net.minecraftforge.common.ForgeConfigSpec/CORE]: Incorrect key general.spawning.barkAngelSpawnRolls was corrected from null to its default, 0. 
[11Apr2025 07:06:47.788] [main/WARN] [net.minecraftforge.common.ForgeConfigSpec/CORE]: Incorrect key general.spawning.baskingTiamaitBabySpawnWeight was corrected from null to its default, 10. 
[11Apr2025 07:06:47.789] [main/WARN] [net.minecraftforge.common.ForgeConfigSpec/CORE]: Incorrect key general.spawning.baskingTiamaitBabySpawnRolls was corrected from null to its default, 40. 
[11Apr2025 07:06:47.789] [main/WARN] [net.minecraftforge.common.ForgeConfigSpec/CORE]: Incorrect key general.spawning.baskingTiamaitSpawnWeight was corrected from null to its default, 2. 
[11Apr2025 07:06:47.789] [main/WARN] [net.minecraftforge.common.ForgeConfigSpec/CORE]: Incorrect key general.spawning.baskingTiamaitSpawnRolls was corrected from null to its default, 0. 
[11Apr2025 07:06:47.789] [main/WARN] [net.minecraftforge.common.ForgeConfigSpec/CORE]: Incorrect key general.spawning.beakedHerringSpawnWeight was corrected from null to its default, 30. 
[11Apr2025 07:06:47.792] [main/WARN] [net.minecraftforge.common.ForgeConfigSpec/CORE]: Incorrect key general.spawning.beakedHerringSpawnRolls was corrected from null to its default, 0. 
[11Apr2025 07:06:47.792] [main/WARN] [net.minecraftforge.common.ForgeConfigSpec/CORE]: Incorrect key general.spawning.blackcapSnailSpawnWeight was corrected from null to its default, 30. 
[11Apr2025 07:06:47.792] [main/WARN] [net.minecraftforge.common.ForgeConfigSpec/CORE]: Incorrect key general.spawning.blackcapSnailSpawnRolls was corrected from null to its default, 0. 
[11Apr2025 07:06:47.792] [main/WARN] [net.minecraftforge.common.ForgeConfigSpec/CORE]: Incorrect key general.spawning.blizzardfinTunaSpawnWeight was corrected from null to its default, 30. 
[11Apr2025 07:06:47.792] [main/WARN] [net.minecraftforge.common.ForgeConfigSpec/CORE]: Incorrect key general.spawning.blizzardfinTunaSpawnRolls was corrected from null to its default, 0. 
[11Apr2025 07:06:47.793] [main/WARN] [net.minecraftforge.common.ForgeConfigSpec/CORE]: Incorrect key general.spawning.brickSnailSpawnWeight was corrected from null to its default, 30. 
[11Apr2025 07:06:47.793] [main/WARN] [net.minecraftforge.common.ForgeConfigSpec/CORE]: Incorrect key general.spawning.bumpfaceSpawnWeight was corrected from null to its default, 30. 
[11Apr2025 07:06:47.793] [main/WARN] [net.minecraftforge.common.ForgeConfigSpec/CORE]: Incorrect key general.spawning.bumpfaceSpawnRolls was corrected from null to its default, 0. 
[11Apr2025 07:06:47.793] [main/WARN] [net.minecraftforge.common.ForgeConfigSpec/CORE]: Incorrect key general.spawning.caveloachSpawnWeight was corrected from null to its default, 30. 
[11Apr2025 07:06:47.794] [main/WARN] [net.minecraftforge.common.ForgeConfigSpec/CORE]: Incorrect key general.spawning.caveloachSpawnRolls was corrected from null to its default, 1. 
[11Apr2025 07:06:47.794] [main/WARN] [net.minecraftforge.common.ForgeConfigSpec/CORE]: Incorrect key general.spawning.celestialFishSpawnWeight was corrected from null to its default, 2. 
[11Apr2025 07:06:47.797] [main/WARN] [net.minecraftforge.common.ForgeConfigSpec/CORE]: Incorrect key general.spawning.celestialFishSpawnRolls was corrected from null to its default, 0. 
[11Apr2025 07:06:47.797] [main/WARN] [net.minecraftforge.common.ForgeConfigSpec/CORE]: Incorrect key general.spawning.circusFishSpawnWeight was corrected from null to its default, 30. 
[11Apr2025 07:06:47.797] [main/WARN] [net.minecraftforge.common.ForgeConfigSpec/CORE]: Incorrect key general.spawning.circusFishSpawnRolls was corrected from null to its default, 0. 
[11Apr2025 07:06:47.797] [main/WARN] [net.minecraftforge.common.ForgeConfigSpec/CORE]: Incorrect key general.spawning.clownthornSharkSpawnWeight was corrected from null to its default, 30. 
[11Apr2025 07:06:47.797] [main/WARN] [net.minecraftforge.common.ForgeConfigSpec/CORE]: Incorrect key general.spawning.clownthornSharkSpawnRolls was corrected from null to its default, 0. 
[11Apr2025 07:06:47.798] [main/WARN] [net.minecraftforge.common.ForgeConfigSpec/CORE]: Incorrect key general.spawning.copperflameAnthiasSpawnWeight was corrected from null to its default, 30. 
[11Apr2025 07:06:47.798] [main/WARN] [net.minecraftforge.common.ForgeConfigSpec/CORE]: Incorrect key general.spawning.copperflameAnthiasSpawnRolls was corrected from null to its default, 0. 
[11Apr2025 07:06:47.798] [main/WARN] [net.minecraftforge.common.ForgeConfigSpec/CORE]: Incorrect key general.spawning.coralSkrimpSpawnWeight was corrected from null to its default, 30. 
[11Apr2025 07:06:47.798] [main/WARN] [net.minecraftforge.common.ForgeConfigSpec/CORE]: Incorrect key general.spawning.coralSkrimpSpawnRolls was corrected from null to its default, 0. 
[11Apr2025 07:06:47.798] [main/WARN] [net.minecraftforge.common.ForgeConfigSpec/CORE]: Incorrect key general.spawning.deepCrawlerSpawnWeight was corrected from null to its default, 30. 
[11Apr2025 07:06:47.799] [main/WARN] [net.minecraftforge.common.ForgeConfigSpec/CORE]: Incorrect key general.spawning.deepCrawlerSpawnRolls was corrected from null to its default, 0. 
[11Apr2025 07:06:47.799] [main/WARN] [net.minecraftforge.common.ForgeConfigSpec/CORE]: Incorrect key general.spawning.demonHerringSpawnWeight was corrected from null to its default, 30. 
[11Apr2025 07:06:47.799] [main/WARN] [net.minecraftforge.common.ForgeConfigSpec/CORE]: Incorrect key general.spawning.demonHerringSpawnRolls was corrected from null to its default, 0. 
[11Apr2025 07:06:47.799] [main/WARN] [net.minecraftforge.common.ForgeConfigSpec/CORE]: Incorrect key general.spawning.prawnSpawnWeight was corrected from null to its default, 20. 
[11Apr2025 07:06:47.799] [main/WARN] [net.minecraftforge.common.ForgeConfigSpec/CORE]: Incorrect key general.spawning.dragonBichirSpawnWeight was corrected from null to its default, 10. 
[11Apr2025 07:06:47.802] [main/WARN] [net.minecraftforge.common.ForgeConfigSpec/CORE]: Incorrect key general.spawning.dragonBichirSpawnRolls was corrected from null to its default, 0. 
[11Apr2025 07:06:47.802] [main/WARN] [net.minecraftforge.common.ForgeConfigSpec/CORE]: Incorrect key general.spawning.dualityDamselfishSpawnWeight was corrected from null to its default, 10. 
[11Apr2025 07:06:47.802] [main/WARN] [net.minecraftforge.common.ForgeConfigSpec/CORE]: Incorrect key general.spawning.dualityDamselfishSpawnRolls was corrected from null to its default, 0. 
[11Apr2025 07:06:47.803] [main/WARN] [net.minecraftforge.common.ForgeConfigSpec/CORE]: Incorrect key general.spawning.falseSwordfishSpawnWeight was corrected from null to its default, 30. 
[11Apr2025 07:06:47.803] [main/WARN] [net.minecraftforge.common.ForgeConfigSpec/CORE]: Incorrect key general.spawning.falseSwordfishSpawnRolls was corrected from null to its default, 1. 
[11Apr2025 07:06:47.803] [main/WARN] [net.minecraftforge.common.ForgeConfigSpec/CORE]: Incorrect key general.spawning.forkFishSpawnWeight was corrected from null to its default, 20. 
[11Apr2025 07:06:47.803] [main/WARN] [net.minecraftforge.common.ForgeConfigSpec/CORE]: Incorrect key general.spawning.forkFishSpawnRolls was corrected from null to its default, 0. 
[11Apr2025 07:06:47.803] [main/WARN] [net.minecraftforge.common.ForgeConfigSpec/CORE]: Incorrect key general.spawning.freshwaterMantisSpawnWeight was corrected from null to its default, 10. 
[11Apr2025 07:06:47.804] [main/WARN] [net.minecraftforge.common.ForgeConfigSpec/CORE]: Incorrect key general.spawning.freshwaterMantisSpawnRolls was corrected from null to its default, 0. 
[11Apr2025 07:06:47.804] [main/WARN] [net.minecraftforge.common.ForgeConfigSpec/CORE]: Incorrect key general.spawning.gnasherSpawnWeight was corrected from null to its default, 10. 
[11Apr2025 07:06:47.804] [main/WARN] [net.minecraftforge.common.ForgeConfigSpec/CORE]: Incorrect key general.spawning.gnasherSpawnRolls was corrected from null to its default, 0. 
[11Apr2025 07:06:47.804] [main/WARN] [net.minecraftforge.common.ForgeConfigSpec/CORE]: Incorrect key general.spawning.gravelFlounderSpawnWeight was corrected from null to its default, 10. 
[11Apr2025 07:06:47.804] [main/WARN] [net.minecraftforge.common.ForgeConfigSpec/CORE]: Incorrect key general.spawning.gravelFlounderSpawnRolls was corrected from null to its default, 40. 
[11Apr2025 07:06:47.808] [main/WARN] [net.minecraftforge.common.ForgeConfigSpec/CORE]: Incorrect key general.spawning.handyGouramiSpawnWeight was corrected from null to its default, 30. 
[11Apr2025 07:06:47.808] [main/WARN] [net.minecraftforge.common.ForgeConfigSpec/CORE]: Incorrect key general.spawning.handyGouramiSpawnRolls was corrected from null to its default, 0. 
[11Apr2025 07:06:47.808] [main/WARN] [net.minecraftforge.common.ForgeConfigSpec/CORE]: Incorrect key general.spawning.hatchetFishSpawnWeight was corrected from null to its default, 30. 
[11Apr2025 07:06:47.808] [main/WARN] [net.minecraftforge.common.ForgeConfigSpec/CORE]: Incorrect key general.spawning.hatchetFishSpawnRolls was corrected from null to its default, 0. 
[11Apr2025 07:06:47.809] [main/WARN] [net.minecraftforge.common.ForgeConfigSpec/CORE]: Incorrect key general.spawning.humpbackPogglingSpawnWeight was corrected from null to its default, 20. 
[11Apr2025 07:06:47.809] [main/WARN] [net.minecraftforge.common.ForgeConfigSpec/CORE]: Incorrect key general.spawning.humpbackPogglingSpawnRolls was corrected from null to its default, 0. 
[11Apr2025 07:06:47.809] [main/WARN] [net.minecraftforge.common.ForgeConfigSpec/CORE]: Incorrect key general.spawning.kalappaSpawnWeight was corrected from null to its default, 8. 
[11Apr2025 07:06:47.809] [main/WARN] [net.minecraftforge.common.ForgeConfigSpec/CORE]: Incorrect key general.spawning.kalappaSpawnRolls was corrected from null to its default, 1. 
[11Apr2025 07:06:47.809] [main/WARN] [net.minecraftforge.common.ForgeConfigSpec/CORE]: Incorrect key general.spawning.lobedSkipperSpawnWeight was corrected from null to its default, 8. 
[11Apr2025 07:06:47.810] [main/WARN] [net.minecraftforge.common.ForgeConfigSpec/CORE]: Incorrect key general.spawning.lobedSkipperSpawnRolls was corrected from null to its default, 1. 
[11Apr2025 07:06:47.810] [main/WARN] [net.minecraftforge.common.ForgeConfigSpec/CORE]: Incorrect key general.spawning.manaJellyfishSpawnWeight was corrected from null to its default, 30. 
[11Apr2025 07:06:47.810] [main/WARN] [net.minecraftforge.common.ForgeConfigSpec/CORE]: Incorrect key general.spawning.manaJellyfishSpawnRolls was corrected from null to its default, 0. 
[11Apr2025 07:06:47.810] [main/WARN] [net.minecraftforge.common.ForgeConfigSpec/CORE]: Incorrect key general.spawning.mossthornSpawnWeight was corrected from null to its default, 30. 
[11Apr2025 07:06:47.811] [main/WARN] [net.minecraftforge.common.ForgeConfigSpec/CORE]: Incorrect key general.spawning.mossthornSpawnRolls was corrected from null to its default, 0. 
[11Apr2025 07:06:47.811] [main/WARN] [net.minecraftforge.common.ForgeConfigSpec/CORE]: Incorrect key general.spawning.mudPigSpawnWeight was corrected from null to its default, 30. 
[11Apr2025 07:06:47.814] [main/WARN] [net.minecraftforge.common.ForgeConfigSpec/CORE]: Incorrect key general.spawning.mudPigSpawnRolls was corrected from null to its default, 0. 
[11Apr2025 07:06:47.814] [main/WARN] [net.minecraftforge.common.ForgeConfigSpec/CORE]: Incorrect key general.spawning.pickleFishSpawnWeight was corrected from null to its default, 10. 
[11Apr2025 07:06:47.814] [main/WARN] [net.minecraftforge.common.ForgeConfigSpec/CORE]: Incorrect key general.spawning.pickleFishSpawnRolls was corrected from null to its default, 40. 
[11Apr2025 07:06:47.814] [main/WARN] [net.minecraftforge.common.ForgeConfigSpec/CORE]: Incorrect key general.spawning.porcupineLobsterSpawnWeight was corrected from null to its default, 20. 
[11Apr2025 07:06:47.814] [main/WARN] [net.minecraftforge.common.ForgeConfigSpec/CORE]: Incorrect key general.spawning.porcupineLobsterSpawnRolls was corrected from null to its default, 0. 
[11Apr2025 07:06:47.815] [main/WARN] [net.minecraftforge.common.ForgeConfigSpec/CORE]: Incorrect key general.spawning.redGiantSeaStarSpawnWeight was corrected from null to its default, 10. 
[11Apr2025 07:06:47.815] [main/WARN] [net.minecraftforge.common.ForgeConfigSpec/CORE]: Incorrect key general.spawning.redGiantSeaStarSpawnRolls was corrected from null to its default, 0. 
[11Apr2025 07:06:47.815] [main/WARN] [net.minecraftforge.common.ForgeConfigSpec/CORE]: Incorrect key general.spawning.rhinoTetraSpawnWeight was corrected from null to its default, 30. 
[11Apr2025 07:06:47.815] [main/WARN] [net.minecraftforge.common.ForgeConfigSpec/CORE]: Incorrect key general.spawning.rhinoTetraSpawnRolls was corrected from null to its default, 0. 
[11Apr2025 07:06:47.816] [main/WARN] [net.minecraftforge.common.ForgeConfigSpec/CORE]: Incorrect key general.spawning.ripperSpawnWeight was corrected from null to its default, 20. 
[11Apr2025 07:06:47.816] [main/WARN] [net.minecraftforge.common.ForgeConfigSpec/CORE]: Incorrect key general.spawning.ripperSpawnRolls was corrected from null to its default, 0. 
[11Apr2025 07:06:47.816] [main/WARN] [net.minecraftforge.common.ForgeConfigSpec/CORE]: Incorrect key general.spawning.rootballSpawnWeight was corrected from null to its default, 40. 
[11Apr2025 07:06:47.816] [main/WARN] [net.minecraftforge.common.ForgeConfigSpec/CORE]: Incorrect key general.spawning.rootballSpawnRolls was corrected from null to its default, 0. 
[11Apr2025 07:06:47.819] [main/WARN] [net.minecraftforge.common.ForgeConfigSpec/CORE]: Incorrect key general.spawning.sailorBarbSpawnWeight was corrected from null to its default, 30. 
[11Apr2025 07:06:47.820] [main/WARN] [net.minecraftforge.common.ForgeConfigSpec/CORE]: Incorrect key general.spawning.sailorBarbSpawnRolls was corrected from null to its default, 0. 
[11Apr2025 07:06:47.820] [main/WARN] [net.minecraftforge.common.ForgeConfigSpec/CORE]: Incorrect key general.spawning.seaMosquitoSpawnWeight was corrected from null to its default, 10. 
[11Apr2025 07:06:47.820] [main/WARN] [net.minecraftforge.common.ForgeConfigSpec/CORE]: Incorrect key general.spawning.seaMosquitoSpawnRolls was corrected from null to its default, 40. 
[11Apr2025 07:06:47.820] [main/WARN] [net.minecraftforge.common.ForgeConfigSpec/CORE]: Incorrect key general.spawning.seaPancakeSpawnWeight was corrected from null to its default, 20. 
[11Apr2025 07:06:47.821] [main/WARN] [net.minecraftforge.common.ForgeConfigSpec/CORE]: Incorrect key general.spawning.seaPancakeSpawnRolls was corrected from null to its default, 0. 
[11Apr2025 07:06:47.821] [main/WARN] [net.minecraftforge.common.ForgeConfigSpec/CORE]: Incorrect key general.spawning.seaSpiderSpawnWeight was corrected from null to its default, 20. 
[11Apr2025 07:06:47.821] [main/WARN] [net.minecraftforge.common.ForgeConfigSpec/CORE]: Incorrect key general.spawning.seaSpiderSpawnRolls was corrected from null to its default, 0. 
[11Apr2025 07:06:47.821] [main/WARN] [net.minecraftforge.common.ForgeConfigSpec/CORE]: Incorrect key general.spawning.shockcatSpawnWeight was corrected from null to its default, 20. 
[11Apr2025 07:06:47.822] [main/WARN] [net.minecraftforge.common.ForgeConfigSpec/CORE]: Incorrect key general.spawning.shockcatSpawnRolls was corrected from null to its default, 0. 
[11Apr2025 07:06:47.822] [main/WARN] [net.minecraftforge.common.ForgeConfigSpec/CORE]: Incorrect key general.spawning.skateSquidSpawnWeight was corrected from null to its default, 10. 
[11Apr2025 07:06:47.822] [main/WARN] [net.minecraftforge.common.ForgeConfigSpec/CORE]: Incorrect key general.spawning.skateSquidSpawnRolls was corrected from null to its default, 0. 
[11Apr2025 07:06:47.822] [main/WARN] [net.minecraftforge.common.ForgeConfigSpec/CORE]: Incorrect key general.spawning.smelterSnailSpawnWeight was corrected from null to its default, 10. 
[11Apr2025 07:06:47.822] [main/WARN] [net.minecraftforge.common.ForgeConfigSpec/CORE]: Incorrect key general.spawning.smelterSnailSpawnRolls was corrected from null to its default, 0. 
[11Apr2025 07:06:47.823] [main/WARN] [net.minecraftforge.common.ForgeConfigSpec/CORE]: Incorrect key general.spawning.spindleFishSpawnWeight was corrected from null to its default, 20. 
[11Apr2025 07:06:47.823] [main/WARN] [net.minecraftforge.common.ForgeConfigSpec/CORE]: Incorrect key general.spawning.spindleFishSpawnRolls was corrected from null to its default, 0. 
[11Apr2025 07:06:47.826] [main/WARN] [net.minecraftforge.common.ForgeConfigSpec/CORE]: Incorrect key general.spawning.spoonSharkSpawnWeight was corrected from null to its default, 20. 
[11Apr2025 07:06:47.826] [main/WARN] [net.minecraftforge.common.ForgeConfigSpec/CORE]: Incorrect key general.spawning.spoonSharkSpawnRolls was corrected from null to its default, 0. 
[11Apr2025 07:06:47.826] [main/WARN] [net.minecraftforge.common.ForgeConfigSpec/CORE]: Incorrect key general.spawning.squoddleSpawnWeight was corrected from null to its default, 10. 
[11Apr2025 07:06:47.826] [main/WARN] [net.minecraftforge.common.ForgeConfigSpec/CORE]: Incorrect key general.spawning.squoddleSpawnRolls was corrected from null to its default, 0. 
[11Apr2025 07:06:47.827] [main/WARN] [net.minecraftforge.common.ForgeConfigSpec/CORE]: Incorrect key general.spawning.thornyGuitarfishSpawnWeight was corrected from null to its default, 20. 
[11Apr2025 07:06:47.827] [main/WARN] [net.minecraftforge.common.ForgeConfigSpec/CORE]: Incorrect key general.spawning.thornyGuitarfishSpawnRolls was corrected from null to its default, 0. 
[11Apr2025 07:06:47.827] [main/WARN] [net.minecraftforge.common.ForgeConfigSpec/CORE]: Incorrect key general.spawning.thornySnailSpawnWeight was corrected from null to its default, 20. 
[11Apr2025 07:06:47.827] [main/WARN] [net.minecraftforge.common.ForgeConfigSpec/CORE]: Incorrect key general.spawning.thornySnailSpawnRolls was corrected from null to its default, 0. 
[11Apr2025 07:06:47.827] [main/WARN] [net.minecraftforge.common.ForgeConfigSpec/CORE]: Incorrect key general.spawning.tigerPufferSpawnWeight was corrected from null to its default, 20. 
[11Apr2025 07:06:47.828] [main/WARN] [net.minecraftforge.common.ForgeConfigSpec/CORE]: Incorrect key general.spawning.tigerPufferSpawnRolls was corrected from null to its default, 0. 
[11Apr2025 07:06:47.828] [main/WARN] [net.minecraftforge.common.ForgeConfigSpec/CORE]: Incorrect key general.spawning.tripleTwirlPlecoSpawnWeight was corrected from null to its default, 30. 
[11Apr2025 07:06:47.828] [main/WARN] [net.minecraftforge.common.ForgeConfigSpec/CORE]: Incorrect key general.spawning.tripleTwirlPlecoSpawnRolls was corrected from null to its default, 0. 
[11Apr2025 07:06:47.828] [main/WARN] [net.minecraftforge.common.ForgeConfigSpec/CORE]: Incorrect key general.spawning.trumpetSquidSpawnWeight was corrected from null to its default, 20. 
[11Apr2025 07:06:47.828] [main/WARN] [net.minecraftforge.common.ForgeConfigSpec/CORE]: Incorrect key general.spawning.trumpetSquidSpawnRolls was corrected from null to its default, 0. 
[11Apr2025 07:06:47.832] [main/WARN] [net.minecraftforge.common.ForgeConfigSpec/CORE]: Incorrect key general.spawning.whiskeredWhaleSharkSpawnWeight was corrected from null to its default, 10. 
[11Apr2025 07:06:47.832] [main/WARN] [net.minecraftforge.common.ForgeConfigSpec/CORE]: Incorrect key general.spawning.whiskeredWhaleSharkSpawnRolls was corrected from null to its default, 0. 
[11Apr2025 07:06:47.832] [main/WARN] [net.minecraftforge.common.ForgeConfigSpec/CORE]: Incorrect key general.spawning.yellowWhipGobySpawnWeight was corrected from null to its default, 30. 
[11Apr2025 07:06:47.832] [main/WARN] [net.minecraftforge.common.ForgeConfigSpec/CORE]: Incorrect key general.spawning.yellowWhipGobySpawnRolls was corrected from null to its default, 0. 
[11Apr2025 07:06:47.833] [main/WARN] [net.minecraftforge.common.ForgeConfigSpec/CORE]: Incorrect key general.spawning.zebraCornetfishSpawnWeight was corrected from null to its default, 20. 
[11Apr2025 07:06:47.833] [main/WARN] [net.minecraftforge.common.ForgeConfigSpec/CORE]: Incorrect key general.spawning.zebraCornetfishSpawnRolls was corrected from null to its default, 0. 
[11Apr2025 07:06:47.919] [main/WARN] [net.minecraftforge.common.ForgeConfigSpec/CORE]: Configuration file /workspaces/MinecraftServer2.0/servidor_minecraft/config/spartanshields-common.toml is not correct. Correcting
[11Apr2025 07:06:47.921] [main/WARN] [net.minecraftforge.common.ForgeConfigSpec/CORE]: Incorrect key general was corrected from null to its default, SimpleCommentedConfig:{}. 
[11Apr2025 07:06:47.921] [main/WARN] [net.minecraftforge.common.ForgeConfigSpec/CORE]: Incorrect key general.vanilla_only was corrected from null to its default, false. 
[11Apr2025 07:06:47.921] [main/WARN] [net.minecraftforge.common.ForgeConfigSpec/CORE]: Incorrect key general.force_disable_uncraftable_tooltips was corrected from null to its default, false. 
[11Apr2025 07:06:47.921] [main/WARN] [net.minecraftforge.common.ForgeConfigSpec/CORE]: Incorrect key general.tower_shield_durability_multiplier was corrected from null to its default, 1.25. 
[11Apr2025 07:06:47.922] [main/WARN] [net.minecraftforge.common.ForgeConfigSpec/CORE]: Incorrect key shield_bash was corrected from null to its default, SimpleCommentedConfig:{}. 
[11Apr2025 07:06:47.923] [main/WARN] [net.minecraftforge.common.ForgeConfigSpec/CORE]: Incorrect key shield_bash.cooldown was corrected from null to its default, 30. 
[11Apr2025 07:06:47.924] [main/WARN] [net.minecraftforge.common.ForgeConfigSpec/CORE]: Incorrect key shield_bash.cooldown_tower was corrected from null to its default, 50. 
[11Apr2025 07:06:47.924] [main/WARN] [net.minecraftforge.common.ForgeConfigSpec/CORE]: Incorrect key shield_bash.disabled was corrected from null to its default, false. 
[11Apr2025 07:06:47.924] [main/WARN] [net.minecraftforge.common.ForgeConfigSpec/CORE]: Incorrect key vanilla was corrected from null to its default, SimpleCommentedConfig:{}. 
[11Apr2025 07:06:47.925] [main/WARN] [net.minecraftforge.common.ForgeConfigSpec/CORE]: Incorrect key vanilla.wood was corrected from null to its default, SimpleCommentedConfig:{}. 
[11Apr2025 07:06:47.925] [main/WARN] [net.minecraftforge.common.ForgeConfigSpec/CORE]: Incorrect key vanilla.wood.durability was corrected from null to its default, 104. 
[11Apr2025 07:06:47.926] [main/WARN] [net.minecraftforge.common.ForgeConfigSpec/CORE]: Incorrect key vanilla.stone was corrected from null to its default, SimpleCommentedConfig:{}. 
[11Apr2025 07:06:47.927] [main/WARN] [net.minecraftforge.common.ForgeConfigSpec/CORE]: Incorrect key vanilla.stone.durability was corrected from null to its default, 230. 
[11Apr2025 07:06:47.927] [main/WARN] [net.minecraftforge.common.ForgeConfigSpec/CORE]: Incorrect key vanilla.copper was corrected from null to its default, SimpleCommentedConfig:{}. 
[11Apr2025 07:06:47.928] [main/WARN] [net.minecraftforge.common.ForgeConfigSpec/CORE]: Incorrect key vanilla.copper.durability was corrected from null to its default, 400. 
[11Apr2025 07:06:47.928] [main/WARN] [net.minecraftforge.common.ForgeConfigSpec/CORE]: Incorrect key vanilla.iron was corrected from null to its default, SimpleCommentedConfig:{}. 
[11Apr2025 07:06:47.928] [main/WARN] [net.minecraftforge.common.ForgeConfigSpec/CORE]: Incorrect key vanilla.iron.durability was corrected from null to its default, 538. 
[11Apr2025 07:06:47.929] [main/WARN] [net.minecraftforge.common.ForgeConfigSpec/CORE]: Incorrect key vanilla.gold was corrected from null to its default, SimpleCommentedConfig:{}. 
[11Apr2025 07:06:47.929] [main/WARN] [net.minecraftforge.common.ForgeConfigSpec/CORE]: Incorrect key vanilla.gold.durability was corrected from null to its default, 192. 
[11Apr2025 07:06:47.929] [main/WARN] [net.minecraftforge.common.ForgeConfigSpec/CORE]: Incorrect key vanilla.diamond was corrected from null to its default, SimpleCommentedConfig:{}. 
[11Apr2025 07:06:47.930] [main/WARN] [net.minecraftforge.common.ForgeConfigSpec/CORE]: Incorrect key vanilla.diamond.durability was corrected from null to its default, 2560. 
[11Apr2025 07:06:47.930] [main/WARN] [net.minecraftforge.common.ForgeConfigSpec/CORE]: Incorrect key vanilla.netherite was corrected from null to its default, SimpleCommentedConfig:{}. 
[11Apr2025 07:06:47.931] [main/WARN] [net.minecraftforge.common.ForgeConfigSpec/CORE]: Incorrect key vanilla.netherite.durability was corrected from null to its default, 3554. 
[11Apr2025 07:06:47.931] [main/WARN] [net.minecraftforge.common.ForgeConfigSpec/CORE]: Incorrect key vanilla.obsidian was corrected from null to its default, SimpleCommentedConfig:{}. 
[11Apr2025 07:06:47.931] [main/WARN] [net.minecraftforge.common.ForgeConfigSpec/CORE]: Incorrect key vanilla.obsidian.durability was corrected from null to its default, 1600. 
[11Apr2025 07:06:47.931] [main/WARN] [net.minecraftforge.common.ForgeConfigSpec/CORE]: Incorrect key vanilla.obsidian.disable was corrected from null to its default, false. 
[11Apr2025 07:06:47.934] [main/WARN] [net.minecraftforge.common.ForgeConfigSpec/CORE]: Incorrect key modded_common was corrected from null to its default, SimpleCommentedConfig:{}. 
[11Apr2025 07:06:47.934] [main/WARN] [net.minecraftforge.common.ForgeConfigSpec/CORE]: Incorrect key modded_common.tin was corrected from null to its default, SimpleCommentedConfig:{}. 
[11Apr2025 07:06:47.934] [main/WARN] [net.minecraftforge.common.ForgeConfigSpec/CORE]: Incorrect key modded_common.tin.durability was corrected from null to its default, 320. 
[11Apr2025 07:06:47.934] [main/WARN] [net.minecraftforge.common.ForgeConfigSpec/CORE]: Incorrect key modded_common.tin.disable was corrected from null to its default, false. 
[11Apr2025 07:06:47.934] [main/WARN] [net.minecraftforge.common.ForgeConfigSpec/CORE]: Incorrect key modded_common.bronze was corrected from null to its default, SimpleCommentedConfig:{}. 
[11Apr2025 07:06:47.935] [main/WARN] [net.minecraftforge.common.ForgeConfigSpec/CORE]: Incorrect key modded_common.bronze.durability was corrected from null to its default, 680. 
[11Apr2025 07:06:47.935] [main/WARN] [net.minecraftforge.common.ForgeConfigSpec/CORE]: Incorrect key modded_common.bronze.disable was corrected from null to its default, false. 
[11Apr2025 07:06:47.935] [main/WARN] [net.minecraftforge.common.ForgeConfigSpec/CORE]: Incorrect key modded_common.steel was corrected from null to its default, SimpleCommentedConfig:{}. 
[11Apr2025 07:06:47.935] [main/WARN] [net.minecraftforge.common.ForgeConfigSpec/CORE]: Incorrect key modded_common.steel.durability was corrected from null to its default, 800. 
[11Apr2025 07:06:47.937] [main/WARN] [net.minecraftforge.common.ForgeConfigSpec/CORE]: Incorrect key modded_common.steel.disable was corrected from null to its default, false. 
[11Apr2025 07:06:47.937] [main/WARN] [net.minecraftforge.common.ForgeConfigSpec/CORE]: Incorrect key modded_common.silver was corrected from null to its default, SimpleCommentedConfig:{}. 
[11Apr2025 07:06:47.937] [main/WARN] [net.minecraftforge.common.ForgeConfigSpec/CORE]: Incorrect key modded_common.silver.durability was corrected from null to its default, 216. 
[11Apr2025 07:06:47.937] [main/WARN] [net.minecraftforge.common.ForgeConfigSpec/CORE]: Incorrect key modded_common.silver.disable was corrected from null to its default, false. 
[11Apr2025 07:06:47.937] [main/WARN] [net.minecraftforge.common.ForgeConfigSpec/CORE]: Incorrect key modded_common.electrum was corrected from null to its default, SimpleCommentedConfig:{}. 
[11Apr2025 07:06:47.937] [main/WARN] [net.minecraftforge.common.ForgeConfigSpec/CORE]: Incorrect key modded_common.electrum.durability was corrected from null to its default, 320. 
[11Apr2025 07:06:47.938] [main/WARN] [net.minecraftforge.common.ForgeConfigSpec/CORE]: Incorrect key modded_common.electrum.disable was corrected from null to its default, false. 
[11Apr2025 07:06:47.938] [main/WARN] [net.minecraftforge.common.ForgeConfigSpec/CORE]: Incorrect key modded_common.lead was corrected from null to its default, SimpleCommentedConfig:{}. 
[11Apr2025 07:06:47.940] [main/WARN] [net.minecraftforge.common.ForgeConfigSpec/CORE]: Incorrect key modded_common.lead.durability was corrected from null to its default, 480. 
[11Apr2025 07:06:47.941] [main/WARN] [net.minecraftforge.common.ForgeConfigSpec/CORE]: Incorrect key modded_common.lead.disable was corrected from null to its default, false. 
[11Apr2025 07:06:47.941] [main/WARN] [net.minecraftforge.common.ForgeConfigSpec/CORE]: Incorrect key modded_common.nickel was corrected from null to its default, SimpleCommentedConfig:{}. 
[11Apr2025 07:06:47.941] [main/WARN] [net.minecraftforge.common.ForgeConfigSpec/CORE]: Incorrect key modded_common.nickel.durability was corrected from null to its default, 420. 
[11Apr2025 07:06:47.941] [main/WARN] [net.minecraftforge.common.ForgeConfigSpec/CORE]: Incorrect key modded_common.nickel.disable was corrected from null to its default, false. 
[11Apr2025 07:06:47.941] [main/WARN] [net.minecraftforge.common.ForgeConfigSpec/CORE]: Incorrect key modded_common.invar was corrected from null to its default, SimpleCommentedConfig:{}. 
[11Apr2025 07:06:47.942] [main/WARN] [net.minecraftforge.common.ForgeConfigSpec/CORE]: Incorrect key modded_common.invar.durability was corrected from null to its default, 720. 
[11Apr2025 07:06:47.942] [main/WARN] [net.minecraftforge.common.ForgeConfigSpec/CORE]: Incorrect key modded_common.invar.disable was corrected from null to its default, false. 
[11Apr2025 07:06:47.942] [main/WARN] [net.minecraftforge.common.ForgeConfigSpec/CORE]: Incorrect key modded_common.constantan was corrected from null to its default, SimpleCommentedConfig:{}. 
[11Apr2025 07:06:47.942] [main/WARN] [net.minecraftforge.common.ForgeConfigSpec/CORE]: Incorrect key modded_common.constantan.durability was corrected from null to its default, 640. 
[11Apr2025 07:06:47.942] [main/WARN] [net.minecraftforge.common.ForgeConfigSpec/CORE]: Incorrect key modded_common.constantan.disable was corrected from null to its default, false. 
[11Apr2025 07:06:47.943] [main/WARN] [net.minecraftforge.common.ForgeConfigSpec/CORE]: Incorrect key modded_common.platinum was corrected from null to its default, SimpleCommentedConfig:{}. 
[11Apr2025 07:06:47.943] [main/WARN] [net.minecraftforge.common.ForgeConfigSpec/CORE]: Incorrect key modded_common.platinum.durability was corrected from null to its default, 1536. 
[11Apr2025 07:06:47.943] [main/WARN] [net.minecraftforge.common.ForgeConfigSpec/CORE]: Incorrect key modded_common.platinum.disable was corrected from null to its default, false. 
[11Apr2025 07:06:47.943] [main/WARN] [net.minecraftforge.common.ForgeConfigSpec/CORE]: Incorrect key modded_common.aluminum was corrected from null to its default, SimpleCommentedConfig:{}. 
[11Apr2025 07:06:47.943] [main/WARN] [net.minecraftforge.common.ForgeConfigSpec/CORE]: Incorrect key modded_common.aluminum.durability was corrected from null to its default, 720. 
[11Apr2025 07:06:47.944] [main/WARN] [net.minecraftforge.common.ForgeConfigSpec/CORE]: Incorrect key modded_common.aluminum.disable was corrected from null to its default, false. 
[11Apr2025 07:06:47.947] [main/WARN] [net.minecraftforge.common.ForgeConfigSpec/CORE]: Incorrect key modded_botania was corrected from null to its default, SimpleCommentedConfig:{}. 
[11Apr2025 07:06:47.947] [main/WARN] [net.minecraftforge.common.ForgeConfigSpec/CORE]: Incorrect key modded_botania.manasteel was corrected from null to its default, SimpleCommentedConfig:{}. 
[11Apr2025 07:06:47.947] [main/WARN] [net.minecraftforge.common.ForgeConfigSpec/CORE]: Incorrect key modded_botania.manasteel.durability was corrected from null to its default, 450. 
[11Apr2025 07:06:47.947] [main/WARN] [net.minecraftforge.common.ForgeConfigSpec/CORE]: Incorrect key modded_botania.terrasteel was corrected from null to its default, SimpleCommentedConfig:{}. 
[11Apr2025 07:06:47.947] [main/WARN] [net.minecraftforge.common.ForgeConfigSpec/CORE]: Incorrect key modded_botania.terrasteel.durability was corrected from null to its default, 2920. 
[11Apr2025 07:06:47.947] [main/WARN] [net.minecraftforge.common.ForgeConfigSpec/CORE]: Incorrect key modded_botania.elementium was corrected from null to its default, SimpleCommentedConfig:{}. 
[11Apr2025 07:06:47.948] [main/WARN] [net.minecraftforge.common.ForgeConfigSpec/CORE]: Incorrect key modded_botania.elementium.durability was corrected from null to its default, 1080. 
[11Apr2025 07:06:47.949] [main/WARN] [net.minecraftforge.common.ForgeConfigSpec/CORE]: Incorrect key modded_mekanism was corrected from null to its default, SimpleCommentedConfig:{}. 
[11Apr2025 07:06:47.949] [main/WARN] [net.minecraftforge.common.ForgeConfigSpec/CORE]: Incorrect key modded_mekanism.osmium was corrected from null to its default, SimpleCommentedConfig:{}. 
[11Apr2025 07:06:47.949] [main/WARN] [net.minecraftforge.common.ForgeConfigSpec/CORE]: Incorrect key modded_mekanism.osmium.durability was corrected from null to its default, 750. 
[11Apr2025 07:06:47.950] [main/WARN] [net.minecraftforge.common.ForgeConfigSpec/CORE]: Incorrect key modded_mekanism.lapis_lazuli was corrected from null to its default, SimpleCommentedConfig:{}. 
[11Apr2025 07:06:47.950] [main/WARN] [net.minecraftforge.common.ForgeConfigSpec/CORE]: Incorrect key modded_mekanism.lapis_lazuli.durability was corrected from null to its default, 300. 
[11Apr2025 07:06:47.951] [main/WARN] [net.minecraftforge.common.ForgeConfigSpec/CORE]: Incorrect key modded_mekanism.refined_glowstone was corrected from null to its default, SimpleCommentedConfig:{}. 
[11Apr2025 07:06:47.951] [main/WARN] [net.minecraftforge.common.ForgeConfigSpec/CORE]: Incorrect key modded_mekanism.refined_glowstone.durability was corrected from null to its default, 450. 
[11Apr2025 07:06:47.951] [main/WARN] [net.minecraftforge.common.ForgeConfigSpec/CORE]: Incorrect key modded_mekanism.refined_obsidian was corrected from null to its default, SimpleCommentedConfig:{}. 
[11Apr2025 07:06:47.951] [main/WARN] [net.minecraftforge.common.ForgeConfigSpec/CORE]: Incorrect key modded_mekanism.refined_obsidian.durability was corrected from null to its default, 3750. 
[11Apr2025 07:06:47.953] [main/WARN] [net.minecraftforge.common.ForgeConfigSpec/CORE]: Incorrect key modded_thermal was corrected from null to its default, SimpleCommentedConfig:{}. 
[11Apr2025 07:06:47.954] [main/WARN] [net.minecraftforge.common.ForgeConfigSpec/CORE]: Incorrect key modded_thermal.signalum was corrected from null to its default, SimpleCommentedConfig:{}. 
[11Apr2025 07:06:47.954] [main/WARN] [net.minecraftforge.common.ForgeConfigSpec/CORE]: Incorrect key modded_thermal.signalum.durability was corrected from null to its default, 2048. 
[11Apr2025 07:06:47.954] [main/WARN] [net.minecraftforge.common.ForgeConfigSpec/CORE]: Incorrect key modded_thermal.lumium was corrected from null to its default, SimpleCommentedConfig:{}. 
[11Apr2025 07:06:47.954] [main/WARN] [net.minecraftforge.common.ForgeConfigSpec/CORE]: Incorrect key modded_thermal.lumium.durability was corrected from null to its default, 1280. 
[11Apr2025 07:06:47.954] [main/WARN] [net.minecraftforge.common.ForgeConfigSpec/CORE]: Incorrect key modded_thermal.enderium was corrected from null to its default, SimpleCommentedConfig:{}. 
[11Apr2025 07:06:47.954] [main/WARN] [net.minecraftforge.common.ForgeConfigSpec/CORE]: Incorrect key modded_thermal.enderium.durability was corrected from null to its default, 3120. 
[11Apr2025 07:06:47.958] [main/WARN] [net.minecraftforge.common.ForgeConfigSpec/CORE]: Incorrect key modded_powered was corrected from null to its default, SimpleCommentedConfig:{}. 
[11Apr2025 07:06:47.958] [main/WARN] [net.minecraftforge.common.ForgeConfigSpec/CORE]: Incorrect key modded_powered.damageToFEMultpier was corrected from null to its default, 50. 
[11Apr2025 07:06:47.959] [main/INFO] [Spartan Shields/]: Loading config spartanshields-common.toml
[11Apr2025 07:06:47.959] [Thread-0/INFO] [Spartan Shields/]: Loading config spartanshields-common.toml
[11Apr2025 07:06:47.960] [Thread-0/INFO] [Spartan Shields/]: Loading config spartanshields-common.toml
[11Apr2025 07:06:47.963] [main/WARN] [net.minecraftforge.common.ForgeConfigSpec/CORE]: Configuration file /workspaces/MinecraftServer2.0/servidor_minecraft/config/citadel-common.toml is not correct. Correcting
[11Apr2025 07:06:47.963] [main/WARN] [net.minecraftforge.common.ForgeConfigSpec/CORE]: Incorrect key general was corrected from null to its default, SimpleCommentedConfig:{}. 
[11Apr2025 07:06:47.964] [main/WARN] [net.minecraftforge.common.ForgeConfigSpec/CORE]: Incorrect key general.Track Entities was corrected from null to its default, true. 
[11Apr2025 07:06:47.964] [main/WARN] [net.minecraftforge.common.ForgeConfigSpec/CORE]: Incorrect key general.chunkGenSpawnModifier was corrected from null to its default, 1.0. 
[11Apr2025 07:06:47.966] [main/WARN] [net.minecraftforge.common.ForgeConfigSpec/CORE]: Configuration file /workspaces/MinecraftServer2.0/servidor_minecraft/config/artifacts-common.toml is not correct. Correcting
[11Apr2025 07:06:47.967] [main/WARN] [net.minecraftforge.common.ForgeConfigSpec/CORE]: Incorrect key artifact_rarity was corrected from null to its default, 1.0. 
[11Apr2025 07:06:47.969] [main/WARN] [net.minecraftforge.common.ForgeConfigSpec/CORE]: Incorrect key campsite was corrected from null to its default, SimpleCommentedConfig:{}. 
[11Apr2025 07:06:47.970] [main/WARN] [net.minecraftforge.common.ForgeConfigSpec/CORE]: Incorrect key campsite.mimic_chance was corrected from null to its default, 0.3. 
[11Apr2025 07:06:47.970] [main/WARN] [net.minecraftforge.common.ForgeConfigSpec/CORE]: Incorrect key campsite.use_modded_chests was corrected from null to its default, true. 
[11Apr2025 07:06:47.970] [main/WARN] [net.minecraftforge.common.ForgeConfigSpec/CORE]: Incorrect key campsite.count was corrected from null to its default, 4. 
[11Apr2025 07:06:47.970] [main/WARN] [net.minecraftforge.common.ForgeConfigSpec/CORE]: Incorrect key campsite.rarity was corrected from null to its default, 1. 
[11Apr2025 07:06:47.970] [main/WARN] [net.minecraftforge.common.ForgeConfigSpec/CORE]: Incorrect key campsite.min_y was corrected from null to its default, -60. 
[11Apr2025 07:06:47.971] [main/WARN] [net.minecraftforge.common.ForgeConfigSpec/CORE]: Incorrect key campsite.max_y was corrected from null to its default, 40. 
[11Apr2025 07:06:47.972] [main/WARN] [net.minecraftforge.common.ForgeConfigSpec/CORE]: Incorrect key campsite.scan_range was corrected from null to its default, 8. 
[11Apr2025 07:06:47.972] [main/WARN] [net.minecraftforge.common.ForgeConfigSpec/CORE]: Incorrect key campsite.max_ceiling_height was corrected from null to its default, 6. 
[11Apr2025 07:06:47.972] [main/WARN] [net.minecraftforge.common.ForgeConfigSpec/CORE]: Incorrect key campsite.biome_blacklist was corrected from null to its default, [minecraft:void, undergarden:*, the_bumblezone:*, twilightforest:*]. 
[11Apr2025 07:06:47.977] [main/WARN] [net.minecraftforge.common.ForgeConfigSpec/CORE]: Configuration file /workspaces/MinecraftServer2.0/servidor_minecraft/config/tombstone-common.toml is not correct. Correcting
[11Apr2025 07:06:47.977] [main/WARN] [net.minecraftforge.common.ForgeConfigSpec/CORE]: Incorrect key player_death was corrected from null to its default, SimpleCommentedConfig:{}. 
[11Apr2025 07:06:47.978] [main/WARN] [net.minecraftforge.common.ForgeConfigSpec/CORE]: Incorrect key player_death.pvp_unlock_grave was corrected from null to its default, true. 
[11Apr2025 07:06:47.979] [main/WARN] [net.minecraftforge.common.ForgeConfigSpec/CORE]: Incorrect key player_death.handle_player_death was corrected from null to its default, true. 
[11Apr2025 07:06:47.979] [main/WARN] [net.minecraftforge.common.ForgeConfigSpec/CORE]: Incorrect key player_death.restore_effects_on_death was corrected from null to its default, false. 
[11Apr2025 07:06:47.979] [main/WARN] [net.minecraftforge.common.ForgeConfigSpec/CORE]: Incorrect key player_death.loss_on_death_only_for_abandoned_grave was corrected from null to its default, true. 
[11Apr2025 07:06:47.981] [main/WARN] [net.minecraftforge.common.ForgeConfigSpec/CORE]: Incorrect key player_death.loss_on_death_only_for_stackable_items was corrected from null to its default, true. 
[11Apr2025 07:06:47.981] [main/WARN] [net.minecraftforge.common.ForgeConfigSpec/CORE]: Incorrect key player_death.prevent_death_outside_world_border was corrected from null to its default, true. 
[11Apr2025 07:06:47.981] [main/WARN] [net.minecraftforge.common.ForgeConfigSpec/CORE]: Incorrect key player_death.prevent_death_outside_build_height was corrected from null to its default, false. 
[11Apr2025 07:06:47.982] [main/WARN] [net.minecraftforge.common.ForgeConfigSpec/CORE]: Incorrect key player_death.allow_to_fill_existing_grave was corrected from null to its default, true. 
[11Apr2025 07:06:47.982] [main/WARN] [net.minecraftforge.common.ForgeConfigSpec/CORE]: Incorrect key player_death.nerf_ghostly_shape_teleport_with_key was corrected from null to its default, true. 
[11Apr2025 07:06:47.982] [main/WARN] [net.minecraftforge.common.ForgeConfigSpec/CORE]: Incorrect key player_death.nerf_ghostly_shape_enemy_collision was corrected from null to its default, true. 
[11Apr2025 07:06:47.985] [main/WARN] [net.minecraftforge.common.ForgeConfigSpec/CORE]: Incorrect key player_death.nerf_ghostly_shape_open_chest was corrected from null to its default, true. 
[11Apr2025 07:06:47.985] [main/WARN] [net.minecraftforge.common.ForgeConfigSpec/CORE]: Incorrect key player_death.nerf_ghostly_shape_break_block was corrected from null to its default, true. 
[11Apr2025 07:06:47.985] [main/WARN] [net.minecraftforge.common.ForgeConfigSpec/CORE]: Incorrect key player_death.sniffer_range was corrected from null to its default, 5. 
[11Apr2025 07:06:47.985] [main/WARN] [net.minecraftforge.common.ForgeConfigSpec/CORE]: Incorrect key player_death.chance_mob_on_grave_recovery was corrected from null to its default, 0. 
[11Apr2025 07:06:47.985] [main/WARN] [net.minecraftforge.common.ForgeConfigSpec/CORE]: Incorrect key player_death.pvp_stolen_xp was corrected from null to its default, 30. 
[11Apr2025 07:06:47.986] [main/WARN] [net.minecraftforge.common.ForgeConfigSpec/CORE]: Incorrect key player_death.knowledge_loss was corrected from null to its default, 0. 
[11Apr2025 07:06:47.986] [main/WARN] [net.minecraftforge.common.ForgeConfigSpec/CORE]: Incorrect key player_death.chance_loss_on_death was corrected from null to its default, 0. 
[11Apr2025 07:06:47.986] [main/WARN] [net.minecraftforge.common.ForgeConfigSpec/CORE]: Incorrect key player_death.percent_loss_on_death was corrected from null to its default, 0. 
[11Apr2025 07:06:47.986] [main/WARN] [net.minecraftforge.common.ForgeConfigSpec/CORE]: Incorrect key player_death.no_grave_location was corrected from null to its default, [0, -300, 0, minecraft:overworld, 20]. 
[11Apr2025 07:06:47.987] [main/WARN] [net.minecraftforge.common.ForgeConfigSpec/CORE]: Incorrect key alignment was corrected from null to its default, SimpleCommentedConfig:{}. 
[11Apr2025 07:06:47.990] [main/WARN] [net.minecraftforge.common.ForgeConfigSpec/CORE]: Incorrect key alignment.points_free_soul_receptacle was corrected from null to its default, 10. 
[11Apr2025 07:06:47.990] [main/WARN] [net.minecraftforge.common.ForgeConfigSpec/CORE]: Incorrect key alignment.points_plunder_player_grave was corrected from null to its default, -2. 
[11Apr2025 07:06:47.990] [main/WARN] [net.minecraftforge.common.ForgeConfigSpec/CORE]: Incorrect key alignment.points_exorcism_zombie_villager was corrected from null to its default, 3. 
[11Apr2025 07:06:47.990] [main/WARN] [net.minecraftforge.common.ForgeConfigSpec/CORE]: Incorrect key alignment.points_kill_villager was corrected from null to its default, -3. 
[11Apr2025 07:06:47.991] [main/WARN] [net.minecraftforge.common.ForgeConfigSpec/CORE]: Incorrect key alignment.points_kill_raider was corrected from null to its default, 1. 
[11Apr2025 07:06:47.991] [main/WARN] [net.minecraftforge.common.ForgeConfigSpec/CORE]: Incorrect key alignment.points_tablet_of_cupidity was corrected from null to its default, -2. 
[11Apr2025 07:06:47.991] [main/WARN] [net.minecraftforge.common.ForgeConfigSpec/CORE]: Incorrect key alignment.points_pray_of_protection was corrected from null to its default, 2. 
[11Apr2025 07:06:47.992] [main/WARN] [net.minecraftforge.common.ForgeConfigSpec/CORE]: Incorrect key general was corrected from null to its default, SimpleCommentedConfig:{}. 
[11Apr2025 07:06:47.992] [main/WARN] [net.minecraftforge.common.ForgeConfigSpec/CORE]: Incorrect key general.teleport_dim was corrected from null to its default, true. 
[11Apr2025 07:06:47.992] [main/WARN] [net.minecraftforge.common.ForgeConfigSpec/CORE]: Incorrect key general.knowledge_reduce_phantom_spawn was corrected from null to its default, true. 
[11Apr2025 07:06:47.993] [main/WARN] [net.minecraftforge.common.ForgeConfigSpec/CORE]: Incorrect key general.allow_beyond_the_grave_damage was corrected from null to its default, true. 
[11Apr2025 07:06:47.993] [main/WARN] [net.minecraftforge.common.ForgeConfigSpec/CORE]: Incorrect key general.time_for_phantom_spawn was corrected from null to its default, 72000. 
[11Apr2025 07:06:47.995] [main/WARN] [net.minecraftforge.common.ForgeConfigSpec/CORE]: Incorrect key general.cooldown_request_teleport was corrected from null to its default, -1. 
[11Apr2025 07:06:47.995] [main/WARN] [net.minecraftforge.common.ForgeConfigSpec/CORE]: Incorrect key general.cooldown_teleport_death was corrected from null to its default, -1. 
[11Apr2025 07:06:47.995] [main/WARN] [net.minecraftforge.common.ForgeConfigSpec/CORE]: Incorrect key general.cooldown_teleport_bind was corrected from null to its default, -1. 
[11Apr2025 07:06:47.997] [main/WARN] [net.minecraftforge.common.ForgeConfigSpec/CORE]: Incorrect key general.unhandled_beneficial_effects was corrected from null to its default, [astralsorcery:potiontimefreeze]. 
[11Apr2025 07:06:47.998] [main/WARN] [net.minecraftforge.common.ForgeConfigSpec/CORE]: Incorrect key general.unhandled_harmful_effects was corrected from null to its default, [minecraft:nausea]. 
[11Apr2025 07:06:47.998] [main/WARN] [net.minecraftforge.common.ForgeConfigSpec/CORE]: Incorrect key general.easter_egg_spawn_rarity was corrected from null to its default, 5000. 
[11Apr2025 07:06:48.000] [main/WARN] [net.minecraftforge.common.ForgeConfigSpec/CORE]: Incorrect key village_siege was corrected from null to its default, SimpleCommentedConfig:{}. 
[11Apr2025 07:06:48.000] [main/WARN] [net.minecraftforge.common.ForgeConfigSpec/CORE]: Incorrect key village_siege.handle_village_siege was corrected from null to its default, true. 
[11Apr2025 07:06:48.001] [main/WARN] [net.minecraftforge.common.ForgeConfigSpec/CORE]: Incorrect key village_siege.log_siege_state was corrected from null to its default, false. 
[11Apr2025 07:06:48.001] [main/WARN] [net.minecraftforge.common.ForgeConfigSpec/CORE]: Incorrect key village_siege.glowing_creature_test was corrected from null to its default, false. 
[11Apr2025 07:06:48.004] [main/WARN] [net.minecraftforge.common.ForgeConfigSpec/CORE]: Incorrect key village_siege.allow_creative_players_for_siege was corrected from null to its default, true. 
[11Apr2025 07:06:48.004] [main/WARN] [net.minecraftforge.common.ForgeConfigSpec/CORE]: Incorrect key village_siege.undead_wear_helm_in_siege was corrected from null to its default, false. 
[11Apr2025 07:06:48.004] [main/WARN] [net.minecraftforge.common.ForgeConfigSpec/CORE]: Incorrect key village_siege.persistent_mob_in_siege was corrected from null to its default, false. 
[11Apr2025 07:06:48.004] [main/WARN] [net.minecraftforge.common.ForgeConfigSpec/CORE]: Incorrect key village_siege.shuffle_players_for_siege was corrected from null to its default, true. 
[11Apr2025 07:06:48.004] [main/WARN] [net.minecraftforge.common.ForgeConfigSpec/CORE]: Incorrect key village_siege.siege_chance was corrected from null to its default, 10. 
[11Apr2025 07:06:48.005] [main/WARN] [net.minecraftforge.common.ForgeConfigSpec/CORE]: Incorrect key village_siege.siege_max_creature was corrected from null to its default, 20. 
[11Apr2025 07:06:48.005] [main/WARN] [net.minecraftforge.common.ForgeConfigSpec/CORE]: Incorrect key village_siege.delay_siege_test was corrected from null to its default, 200. 
[11Apr2025 07:06:48.006] [main/WARN] [net.minecraftforge.common.ForgeConfigSpec/CORE]: Incorrect key magic_item was corrected from null to its default, SimpleCommentedConfig:{}. 
[11Apr2025 07:06:48.007] [main/WARN] [net.minecraftforge.common.ForgeConfigSpec/CORE]: Incorrect key magic_item.can_recycle_damaged_item was corrected from null to its default, true. 
[11Apr2025 07:06:48.007] [main/WARN] [net.minecraftforge.common.ForgeConfigSpec/CORE]: Incorrect key magic_item.denied_item_to_recycle was corrected from null to its default, []. 
[11Apr2025 07:06:48.008] [main/WARN] [net.minecraftforge.common.ForgeConfigSpec/CORE]: Incorrect key magic_item.can_disenchant_enchanted_book was corrected from null to its default, false. 
[11Apr2025 07:06:48.008] [main/WARN] [net.minecraftforge.common.ForgeConfigSpec/CORE]: Incorrect key magic_item.lost_tablet_search_outside_world was corrected from null to its default, true. 
[11Apr2025 07:06:48.008] [main/WARN] [net.minecraftforge.common.ForgeConfigSpec/CORE]: Incorrect key magic_item.lost_tablet_modded_structure was corrected from null to its default, true. 
[11Apr2025 07:06:48.008] [main/WARN] [net.minecraftforge.common.ForgeConfigSpec/CORE]: Incorrect key magic_item.lost_tablet_denied_structures was corrected from null to its default, []. 
[11Apr2025 07:06:48.010] [main/WARN] [net.minecraftforge.common.ForgeConfigSpec/CORE]: Incorrect key magic_item.duration_voodoo_poppet_effects was corrected from null to its default, 60. 
[11Apr2025 07:06:48.010] [main/WARN] [net.minecraftforge.common.ForgeConfigSpec/CORE]: Incorrect key magic_item.unhandled_tamable_entities was corrected from null to its default, []. 
[11Apr2025 07:06:48.012] [main/WARN] [net.minecraftforge.common.ForgeConfigSpec/CORE]: Incorrect key decorative_grave was corrected from null to its default, SimpleCommentedConfig:{}. 
[11Apr2025 07:06:48.013] [main/WARN] [net.minecraftforge.common.ForgeConfigSpec/CORE]: Incorrect key decorative_grave.can_replace_grave_plate was corrected from null to its default, true. 
[11Apr2025 07:06:48.013] [main/WARN] [net.minecraftforge.common.ForgeConfigSpec/CORE]: Incorrect key decorative_grave.allow_grave_gardian was corrected from null to its default, true. 
[11Apr2025 07:06:48.015] [main/WARN] [net.minecraftforge.common.ForgeConfigSpec/CORE]: Incorrect key decorative_grave.distance_between_grave_guardian was corrected from null to its default, 100. 
[11Apr2025 07:06:48.015] [main/WARN] [net.minecraftforge.common.ForgeConfigSpec/CORE]: Incorrect key decorative_grave.restock_time_grave_guardian was corrected from null to its default, 60. 
[11Apr2025 07:06:48.015] [main/WARN] [net.minecraftforge.common.ForgeConfigSpec/CORE]: Incorrect key decorative_grave.time_soul was corrected from null to its default, 30. 
[11Apr2025 07:06:48.016] [main/WARN] [net.minecraftforge.common.ForgeConfigSpec/CORE]: Incorrect key decorative_grave.chance_soul was corrected from null to its default, 100. 
[11Apr2025 07:06:48.016] [main/WARN] [net.minecraftforge.common.ForgeConfigSpec/CORE]: Incorrect key decorative_grave.chance_pray_reward was corrected from null to its default, 40. 
[11Apr2025 07:06:48.018] [main/WARN] [net.minecraftforge.common.ForgeConfigSpec/CORE]: Incorrect key enchantments was corrected from null to its default, SimpleCommentedConfig:{}. 
[11Apr2025 07:06:48.018] [main/WARN] [net.minecraftforge.common.ForgeConfigSpec/CORE]: Incorrect key enchantments.nerf_plague_bringer was corrected from null to its default, true. 
[11Apr2025 07:06:48.019] [main/WARN] [net.minecraftforge.common.ForgeConfigSpec/CORE]: Incorrect key enchantments.max_duration_magic_siphon was corrected from null to its default, 60. 
[11Apr2025 07:06:48.022] [main/WARN] [net.minecraftforge.common.ForgeConfigSpec/CORE]: Incorrect key enchantments.duration_plague_bringer was corrected from null to its default, 10. 
[11Apr2025 07:06:48.022] [main/WARN] [net.minecraftforge.common.ForgeConfigSpec/CORE]: Incorrect key enchantments.magic_siphon_on_player_rule was corrected from null to its default, ALLOW. 
[11Apr2025 07:06:48.022] [main/WARN] [net.minecraftforge.common.ForgeConfigSpec/CORE]: Incorrect key enchantments.nerf_curse_of_bones was corrected from null to its default, false. 
[11Apr2025 07:06:48.022] [main/WARN] [net.minecraftforge.common.ForgeConfigSpec/CORE]: Incorrect key enchantments.cooldown_blessing was corrected from null to its default, 10. 
[11Apr2025 07:06:48.023] [main/WARN] [net.minecraftforge.common.ForgeConfigSpec/CORE]: Incorrect key enchantments.min_cooldown_curse_of_bones was corrected from null to its default, 20. 
[11Apr2025 07:06:48.023] [main/WARN] [net.minecraftforge.common.ForgeConfigSpec/CORE]: Incorrect key enchantments.max_cooldown_curse_of_bones was corrected from null to its default, 60. 
[11Apr2025 07:06:48.023] [main/WARN] [net.minecraftforge.common.ForgeConfigSpec/CORE]: Incorrect key enchantments.min_cooldown_spectral_bite was corrected from null to its default, 3. 
[11Apr2025 07:06:48.024] [main/WARN] [net.minecraftforge.common.ForgeConfigSpec/CORE]: Incorrect key enchantments.max_cooldown_spectral_bite was corrected from null to its default, 30. 
[11Apr2025 07:06:48.030] [main/WARN] [net.minecraftforge.common.ForgeConfigSpec/CORE]: Incorrect key recovery was corrected from null to its default, SimpleCommentedConfig:{}. 
[11Apr2025 07:06:48.030] [main/WARN] [net.minecraftforge.common.ForgeConfigSpec/CORE]: Incorrect key recovery.recovery_player_enable was corrected from null to its default, true. 
[11Apr2025 07:06:48.030] [main/WARN] [net.minecraftforge.common.ForgeConfigSpec/CORE]: Incorrect key recovery.backup_on_death was corrected from null to its default, true. 
[11Apr2025 07:06:48.030] [main/WARN] [net.minecraftforge.common.ForgeConfigSpec/CORE]: Incorrect key recovery.recovery_player_timer was corrected from null to its default, 19. 
[11Apr2025 07:06:48.031] [main/WARN] [net.minecraftforge.common.ForgeConfigSpec/CORE]: Incorrect key recovery.recovery_player_max_saves was corrected from null to its default, 15. 
[11Apr2025 07:06:48.031] [main/WARN] [net.minecraftforge.common.ForgeConfigSpec/CORE]: Incorrect key recovery.log_auto_backup was corrected from null to its default, false. 
[11Apr2025 07:06:48.035] [main/WARN] [net.minecraftforge.common.ForgeConfigSpec/CORE]: Incorrect key loot was corrected from null to its default, SimpleCommentedConfig:{}. 
[11Apr2025 07:06:48.035] [main/WARN] [net.minecraftforge.common.ForgeConfigSpec/CORE]: Incorrect key loot.undead_boss_life_for_drop was corrected from null to its default, 200. 
[11Apr2025 07:06:48.035] [main/WARN] [net.minecraftforge.common.ForgeConfigSpec/CORE]: Incorrect key loot.max_xp_lost_page was corrected from null to its default, 2000. 
[11Apr2025 07:06:48.040] [main/WARN] [net.minecraftforge.common.ForgeConfigSpec/CORE]: Incorrect key compatibility was corrected from null to its default, SimpleCommentedConfig:{}. 
[11Apr2025 07:06:48.040] [main/WARN] [net.minecraftforge.common.ForgeConfigSpec/CORE]: Incorrect key compatibility.curio_auto_equip was corrected from null to its default, true. 
[11Apr2025 07:06:48.042] [main/WARN] [net.minecraftforge.common.ForgeConfigSpec/CORE]: Incorrect key compatibility.curio_bundle_support was corrected from null to its default, true. 
[11Apr2025 07:06:48.042] [main/WARN] [net.minecraftforge.common.ForgeConfigSpec/CORE]: Incorrect key compatibility.curio_magic_book_support was corrected from null to its default, true. 
[11Apr2025 07:06:48.042] [main/WARN] [net.minecraftforge.common.ForgeConfigSpec/CORE]: Incorrect key compatibility.keep_cosmetic_armor was corrected from null to its default, true. 
[11Apr2025 07:06:48.042] [main/WARN] [net.minecraftforge.common.ForgeConfigSpec/CORE]: Incorrect key compatibility.preserve_effects_on_return_end_conquered was corrected from null to its default, true. 
[11Apr2025 07:06:48.047] [main/WARN] [net.minecraftforge.common.ForgeConfigSpec/CORE]: Configuration file /workspaces/MinecraftServer2.0/servidor_minecraft/config/alexsmobs.toml is not correct. Correcting
[11Apr2025 07:06:48.048] [main/WARN] [net.minecraftforge.common.ForgeConfigSpec/CORE]: Incorrect key general was corrected from null to its default, SimpleCommentedConfig:{}. 
[11Apr2025 07:06:48.048] [main/WARN] [net.minecraftforge.common.ForgeConfigSpec/CORE]: Incorrect key general.giveBookOnStartup was corrected from null to its default, true. 
[11Apr2025 07:06:48.048] [main/WARN] [net.minecraftforge.common.ForgeConfigSpec/CORE]: Incorrect key general.lavaVisionOpacity was corrected from null to its default, 0.65. 
[11Apr2025 07:06:48.050] [main/WARN] [net.minecraftforge.common.ForgeConfigSpec/CORE]: Incorrect key general.shadersCompat was corrected from null to its default, false. 
[11Apr2025 07:06:48.050] [main/WARN] [net.minecraftforge.common.ForgeConfigSpec/CORE]: Incorrect key general.bananasDropFromLeaves was corrected from null to its default, true. 
[11Apr2025 07:06:48.050] [main/WARN] [net.minecraftforge.common.ForgeConfigSpec/CORE]: Incorrect key general.bananaChance was corrected from null to its default, 200. 
[11Apr2025 07:06:48.050] [main/WARN] [net.minecraftforge.common.ForgeConfigSpec/CORE]: Incorrect key general.spidersAttackFlies was corrected from null to its default, true. 
[11Apr2025 07:06:48.050] [main/WARN] [net.minecraftforge.common.ForgeConfigSpec/CORE]: Incorrect key general.wolvesAttackMoose was corrected from null to its default, true. 
[11Apr2025 07:06:48.051] [main/WARN] [net.minecraftforge.common.ForgeConfigSpec/CORE]: Incorrect key general.polarBearsAttackSeals was corrected from null to its default, true. 
[11Apr2025 07:06:48.052] [main/WARN] [net.minecraftforge.common.ForgeConfigSpec/CORE]: Incorrect key general.catsAndFoxesAttackJerboas was corrected from null to its default, true. 
[11Apr2025 07:06:48.053] [main/WARN] [net.minecraftforge.common.ForgeConfigSpec/CORE]: Incorrect key general.dolphinsAttackFlyingFish was corrected from null to its default, true. 
[11Apr2025 07:06:48.054] [main/WARN] [net.minecraftforge.common.ForgeConfigSpec/CORE]: Incorrect key general.lavaBottleEnabled was corrected from null to its default, true. 
[11Apr2025 07:06:48.055] [main/WARN] [net.minecraftforge.common.ForgeConfigSpec/CORE]: Incorrect key general.neutralBoneSerpents was corrected from null to its default, false. 
[11Apr2025 07:06:48.055] [main/WARN] [net.minecraftforge.common.ForgeConfigSpec/CORE]: Incorrect key general.caveCentipedeSpawnHeight was corrected from null to its default, 0. 
[11Apr2025 07:06:48.055] [main/WARN] [net.minecraftforge.common.ForgeConfigSpec/CORE]: Incorrect key general.blobfishSpawnHeight was corrected from null to its default, 25. 
[11Apr2025 07:06:48.055] [main/WARN] [net.minecraftforge.common.ForgeConfigSpec/CORE]: Incorrect key general.mimicubeSpawnInEndCity was corrected from null to its default, true. 
[11Apr2025 07:06:48.055] [main/WARN] [net.minecraftforge.common.ForgeConfigSpec/CORE]: Incorrect key general.mimicreamRepair was corrected from null to its default, true. 
[11Apr2025 07:06:48.056] [main/WARN] [net.minecraftforge.common.ForgeConfigSpec/CORE]: Incorrect key general.mimicreamBlacklist was corrected from null to its default, [alexsmobs:blood_sprayer, alexsmobs:hemolymph_blaster]. 
[11Apr2025 07:06:48.056] [main/WARN] [net.minecraftforge.common.ForgeConfigSpec/CORE]: Incorrect key general.raccoonStealFromChests was corrected from null to its default, true. 
[11Apr2025 07:06:48.057] [main/WARN] [net.minecraftforge.common.ForgeConfigSpec/CORE]: Incorrect key general.fishOilMeme was corrected from null to its default, true. 
[11Apr2025 07:06:48.058] [main/WARN] [net.minecraftforge.common.ForgeConfigSpec/CORE]: Incorrect key general.soulVultureSpawnOnFossil was corrected from null to its default, true. 
[11Apr2025 07:06:48.058] [main/WARN] [net.minecraftforge.common.ForgeConfigSpec/CORE]: Incorrect key general.acaciaBlossomsDropFromLeaves was corrected from null to its default, true. 
[11Apr2025 07:06:48.058] [main/WARN] [net.minecraftforge.common.ForgeConfigSpec/CORE]: Incorrect key general.wanderingTraderOffers was corrected from null to its default, true. 
[11Apr2025 07:06:48.059] [main/WARN] [net.minecraftforge.common.ForgeConfigSpec/CORE]: Incorrect key general.mungusBiomeTransformationType was corrected from null to its default, 2. 
[11Apr2025 07:06:48.060] [main/WARN] [net.minecraftforge.common.ForgeConfigSpec/CORE]: Incorrect key general.mungusBiomeMatches was corrected from null to its default, [minecraft:red_mushroom|minecraft:mushroom_fields|minecraft:mycelium, minecraft:brown_mushroom|minecraft:mushroom_fields|minecraft:mycelium, minecraft:crimson_fungus|minecraft:crimson_forest|minecraft:crimson_nylium, minecraft:warped_fungus|minecraft:warped_forest|minecraft:warped_nylium]. 
[11Apr2025 07:06:48.060] [main/WARN] [net.minecraftforge.common.ForgeConfigSpec/CORE]: Incorrect key general.limitGusterSpawnsToWeather was corrected from null to its default, true. 
[11Apr2025 07:06:48.063] [main/WARN] [net.minecraftforge.common.ForgeConfigSpec/CORE]: Incorrect key general.warpedMoscoTransformation was corrected from null to its default, true. 
[11Apr2025 07:06:48.063] [main/WARN] [net.minecraftforge.common.ForgeConfigSpec/CORE]: Incorrect key general.warpedMoscoMobTriggers was corrected from null to its default, []. 
[11Apr2025 07:06:48.063] [main/WARN] [net.minecraftforge.common.ForgeConfigSpec/CORE]: Incorrect key general.straddleboardEnchants was corrected from null to its default, true. 
[11Apr2025 07:06:48.063] [main/WARN] [net.minecraftforge.common.ForgeConfigSpec/CORE]: Incorrect key general.emuTargetSkeletons was corrected from null to its default, true. 
[11Apr2025 07:06:48.063] [main/WARN] [net.minecraftforge.common.ForgeConfigSpec/CORE]: Incorrect key general.emuPantsDodgeChance was corrected from null to its default, 0.45. 
[11Apr2025 07:06:48.063] [main/WARN] [net.minecraftforge.common.ForgeConfigSpec/CORE]: Incorrect key general.cachalotDestruction was corrected from null to its default, true. 
[11Apr2025 07:06:48.064] [main/WARN] [net.minecraftforge.common.ForgeConfigSpec/CORE]: Incorrect key general.cachalotVolume was corrected from null to its default, 3.0. 
[11Apr2025 07:06:48.064] [main/WARN] [net.minecraftforge.common.ForgeConfigSpec/CORE]: Incorrect key general.leafcutterAntFungusGrowChance was corrected from null to its default, 0.3. 
[11Apr2025 07:06:48.064] [main/WARN] [net.minecraftforge.common.ForgeConfigSpec/CORE]: Incorrect key general.leafcutterAntRepopulateFeedings was corrected from null to its default, 25. 
[11Apr2025 07:06:48.064] [main/WARN] [net.minecraftforge.common.ForgeConfigSpec/CORE]: Incorrect key general.leafcutterAntColonySize was corrected from null to its default, 10. 
[11Apr2025 07:06:48.064] [main/WARN] [net.minecraftforge.common.ForgeConfigSpec/CORE]: Incorrect key general.leafcutterAntBreakLeavesChance was corrected from null to its default, 0.2. 
[11Apr2025 07:06:48.064] [main/WARN] [net.minecraftforge.common.ForgeConfigSpec/CORE]: Incorrect key general.falconryTeleportsBack was corrected from null to its default, false. 
[11Apr2025 07:06:48.064] [main/WARN] [net.minecraftforge.common.ForgeConfigSpec/CORE]: Incorrect key general.fireproofTarantulaHawk was corrected from null to its default, false. 
[11Apr2025 07:06:48.065] [main/WARN] [net.minecraftforge.common.ForgeConfigSpec/CORE]: Incorrect key general.voidWormSpawnDimensions was corrected from null to its default, [minecraft:the_end]. 
[11Apr2025 07:06:48.065] [main/WARN] [net.minecraftforge.common.ForgeConfigSpec/CORE]: Incorrect key general.voidWormDamageModifier was corrected from null to its default, 1.0. 
[11Apr2025 07:06:48.065] [main/WARN] [net.minecraftforge.common.ForgeConfigSpec/CORE]: Incorrect key general.voidWormMaxHealth was corrected from null to its default, 160.0. 
[11Apr2025 07:06:48.068] [main/WARN] [net.minecraftforge.common.ForgeConfigSpec/CORE]: Incorrect key general.voidWormSummonable was corrected from null to its default, true. 
[11Apr2025 07:06:48.069] [main/WARN] [net.minecraftforge.common.ForgeConfigSpec/CORE]: Incorrect key general.seagullStealing was corrected from null to its default, true. 
[11Apr2025 07:06:48.069] [main/WARN] [net.minecraftforge.common.ForgeConfigSpec/CORE]: Incorrect key general.seagullStealingBlacklist was corrected from null to its default, []. 
[11Apr2025 07:06:48.069] [main/WARN] [net.minecraftforge.common.ForgeConfigSpec/CORE]: Incorrect key general.clingingFlipEffect was corrected from null to its default, false. 
[11Apr2025 07:06:48.069] [main/WARN] [net.minecraftforge.common.ForgeConfigSpec/CORE]: Incorrect key general.tusklinShoesBarteringChance was corrected from null to its default, 0.02500000037252903. 
[11Apr2025 07:06:48.070] [main/WARN] [net.minecraftforge.common.ForgeConfigSpec/CORE]: Incorrect key general.rainbowGlassFidelity was corrected from null to its default, 16.0. 
[11Apr2025 07:06:48.071] [main/WARN] [net.minecraftforge.common.ForgeConfigSpec/CORE]: Incorrect key general.bunfungusTransformation was corrected from null to its default, true. 
[11Apr2025 07:06:48.071] [main/WARN] [net.minecraftforge.common.ForgeConfigSpec/CORE]: Incorrect key general.addLootToChests was corrected from null to its default, true. 
[11Apr2025 07:06:48.071] [main/WARN] [net.minecraftforge.common.ForgeConfigSpec/CORE]: Incorrect key general.spawning was corrected from null to its default, SimpleCommentedConfig:{}. 
[11Apr2025 07:06:48.072] [main/WARN] [net.minecraftforge.common.ForgeConfigSpec/CORE]: Incorrect key general.spawning.grizzlyBearSpawnWeight was corrected from null to its default, 8. 
[11Apr2025 07:06:48.072] [main/WARN] [net.minecraftforge.common.ForgeConfigSpec/CORE]: Incorrect key general.spawning.grizzlyBearSpawnRolls was corrected from null to its default, 0. 
[11Apr2025 07:06:48.072] [main/WARN] [net.minecraftforge.common.ForgeConfigSpec/CORE]: Incorrect key general.spawning.roadrunnerSpawnWeight was corrected from null to its default, 9. 
[11Apr2025 07:06:48.073] [main/WARN] [net.minecraftforge.common.ForgeConfigSpec/CORE]: Incorrect key general.spawning.roadrunnerSpawnRolls was corrected from null to its default, 1. 
[11Apr2025 07:06:48.073] [main/WARN] [net.minecraftforge.common.ForgeConfigSpec/CORE]: Incorrect key general.spawning.boneSerpentSpawnWeight was corrected from null to its default, 8. 
[11Apr2025 07:06:48.073] [main/WARN] [net.minecraftforge.common.ForgeConfigSpec/CORE]: Incorrect key general.spawning.boneSeprentSpawnRolls was corrected from null to its default, 40. 
[11Apr2025 07:06:48.075] [main/WARN] [net.minecraftforge.common.ForgeConfigSpec/CORE]: Incorrect key general.spawning.gazelleSpawnWeight was corrected from null to its default, 40. 
[11Apr2025 07:06:48.076] [main/WARN] [net.minecraftforge.common.ForgeConfigSpec/CORE]: Incorrect key general.spawning.gazelleSpawnRolls was corrected from null to its default, 0. 
[11Apr2025 07:06:48.076] [main/WARN] [net.minecraftforge.common.ForgeConfigSpec/CORE]: Incorrect key general.spawning.crocodileSpawnWeight was corrected from null to its default, 40. 
[11Apr2025 07:06:48.076] [main/WARN] [net.minecraftforge.common.ForgeConfigSpec/CORE]: Incorrect key general.spawning.crocSpawnRolls was corrected from null to its default, 1. 
[11Apr2025 07:06:48.076] [main/WARN] [net.minecraftforge.common.ForgeConfigSpec/CORE]: Incorrect key general.spawning.flySpawnWeight was corrected from null to its default, 3. 
[11Apr2025 07:06:48.076] [main/WARN] [net.minecraftforge.common.ForgeConfigSpec/CORE]: Incorrect key general.spawning.flySpawnRolls was corrected from null to its default, 1. 
[11Apr2025 07:06:48.077] [main/WARN] [net.minecraftforge.common.ForgeConfigSpec/CORE]: Incorrect key general.spawning.hummingbirdSpawnWeight was corrected from null to its default, 19. 
[11Apr2025 07:06:48.077] [main/WARN] [net.minecraftforge.common.ForgeConfigSpec/CORE]: Incorrect key general.spawning.hummingbirdSpawnRolls was corrected from null to its default, 1. 
[11Apr2025 07:06:48.077] [main/WARN] [net.minecraftforge.common.ForgeConfigSpec/CORE]: Incorrect key general.spawning.orcaSpawnWeight was corrected from null to its default, 2. 
[11Apr2025 07:06:48.077] [main/WARN] [net.minecraftforge.common.ForgeConfigSpec/CORE]: Incorrect key general.spawning.orcaSpawnRolls was corrected from null to its default, 6. 
[11Apr2025 07:06:48.077] [main/WARN] [net.minecraftforge.common.ForgeConfigSpec/CORE]: Incorrect key general.spawning.sunbirdSpawnWeight was corrected from null to its default, 2. 
[11Apr2025 07:06:48.077] [main/WARN] [net.minecraftforge.common.ForgeConfigSpec/CORE]: Incorrect key general.spawning.sunbirdSpawnRolls was corrected from null to its default, 15. 
[11Apr2025 07:06:48.078] [main/WARN] [net.minecraftforge.common.ForgeConfigSpec/CORE]: Incorrect key general.spawning.gorillaSpawnWeight was corrected from null to its default, 50. 
[11Apr2025 07:06:48.078] [main/WARN] [net.minecraftforge.common.ForgeConfigSpec/CORE]: Incorrect key general.spawning.gorillaSpawnRolls was corrected from null to its default, 0. 
[11Apr2025 07:06:48.078] [main/WARN] [net.minecraftforge.common.ForgeConfigSpec/CORE]: Incorrect key general.spawning.crimsonMosquitoSpawnWeight was corrected from null to its default, 15. 
[11Apr2025 07:06:48.078] [main/WARN] [net.minecraftforge.common.ForgeConfigSpec/CORE]: Incorrect key general.spawning.crimsonMosquitoSpawnRolls was corrected from null to its default, 0. 
[11Apr2025 07:06:48.078] [main/WARN] [net.minecraftforge.common.ForgeConfigSpec/CORE]: Incorrect key general.spawning.rattlesnakeSpawnWeight was corrected from null to its default, 12. 
[11Apr2025 07:06:48.078] [main/WARN] [net.minecraftforge.common.ForgeConfigSpec/CORE]: Incorrect key general.spawning.rattlesnakeSpawnRolls was corrected from null to its default, 0. 
[11Apr2025 07:06:48.079] [main/WARN] [net.minecraftforge.common.ForgeConfigSpec/CORE]: Incorrect key general.spawning.endergradeSpawnWeight was corrected from null to its default, 10. 
[11Apr2025 07:06:48.079] [main/WARN] [net.minecraftforge.common.ForgeConfigSpec/CORE]: Incorrect key general.spawning.endergradeSpawnRolls was corrected from null to its default, 0. 
[11Apr2025 07:06:48.079] [main/WARN] [net.minecraftforge.common.ForgeConfigSpec/CORE]: Incorrect key general.spawning.hammerheadSharkSpawnWeight was corrected from null to its default, 8. 
[11Apr2025 07:06:48.079] [main/WARN] [net.minecraftforge.common.ForgeConfigSpec/CORE]: Incorrect key general.spawning.hammerheadSharkSpawnRolls was corrected from null to its default, 1. 
[11Apr2025 07:06:48.079] [main/WARN] [net.minecraftforge.common.ForgeConfigSpec/CORE]: Incorrect key general.spawning.lobsterSpawnWeight was corrected from null to its default, 7. 
[11Apr2025 07:06:48.079] [main/WARN] [net.minecraftforge.common.ForgeConfigSpec/CORE]: Incorrect key general.spawning.lobsterSpawnRolls was corrected from null to its default, 0. 
[11Apr2025 07:06:48.081] [main/WARN] [net.minecraftforge.common.ForgeConfigSpec/CORE]: Incorrect key general.spawning.komodoDragonSpawnWeight was corrected from null to its default, 16. 
[11Apr2025 07:06:48.082] [main/WARN] [net.minecraftforge.common.ForgeConfigSpec/CORE]: Incorrect key general.spawning.komodoDragonSpawnRolls was corrected from null to its default, 1. 
[11Apr2025 07:06:48.082] [main/WARN] [net.minecraftforge.common.ForgeConfigSpec/CORE]: Incorrect key general.spawning.capuchinMonkeySpawnWeight was corrected from null to its default, 55. 
[11Apr2025 07:06:48.082] [main/WARN] [net.minecraftforge.common.ForgeConfigSpec/CORE]: Incorrect key general.spawning.capuchinMonkeySpawnRolls was corrected from null to its default, 0. 
[11Apr2025 07:06:48.083] [main/WARN] [net.minecraftforge.common.ForgeConfigSpec/CORE]: Incorrect key general.spawning.caveCentipedeSpawnWeight was corrected from null to its default, 8. 
[11Apr2025 07:06:48.083] [main/WARN] [net.minecraftforge.common.ForgeConfigSpec/CORE]: Incorrect key general.spawning.caveCentipedeSpawnRolls was corrected from null to its default, 1. 
[11Apr2025 07:06:48.083] [main/WARN] [net.minecraftforge.common.ForgeConfigSpec/CORE]: Incorrect key general.spawning.warpedToadSpawnWeight was corrected from null to its default, 80. 
[11Apr2025 07:06:48.084] [main/WARN] [net.minecraftforge.common.ForgeConfigSpec/CORE]: Incorrect key general.spawning.warpedToadSpawnRolls was corrected from null to its default, 0. 
[11Apr2025 07:06:48.084] [main/WARN] [net.minecraftforge.common.ForgeConfigSpec/CORE]: Incorrect key general.spawning.mooseSpawnWeight was corrected from null to its default, 9. 
[11Apr2025 07:06:48.084] [main/WARN] [net.minecraftforge.common.ForgeConfigSpec/CORE]: Incorrect key general.spawning.mooseSpawnRolls was corrected from null to its default, 0. 
[11Apr2025 07:06:48.084] [main/WARN] [net.minecraftforge.common.ForgeConfigSpec/CORE]: Incorrect key general.spawning.mimicubeSpawnWeight was corrected from null to its default, 40. 
[11Apr2025 07:06:48.084] [main/WARN] [net.minecraftforge.common.ForgeConfigSpec/CORE]: Incorrect key general.spawning.mimicubeSpawnRolls was corrected from null to its default, 0. 
[11Apr2025 07:06:48.085] [main/WARN] [net.minecraftforge.common.ForgeConfigSpec/CORE]: Incorrect key general.spawning.raccoonSpawnWeight was corrected from null to its default, 10. 
[11Apr2025 07:06:48.085] [main/WARN] [net.minecraftforge.common.ForgeConfigSpec/CORE]: Incorrect key general.spawning.raccoonSpawnRolls was corrected from null to its default, 0. 
[11Apr2025 07:06:48.085] [main/WARN] [net.minecraftforge.common.ForgeConfigSpec/CORE]: Incorrect key general.spawning.blobfishSpawnWeight was corrected from null to its default, 30. 
[11Apr2025 07:06:48.085] [main/WARN] [net.minecraftforge.common.ForgeConfigSpec/CORE]: Incorrect key general.spawning.blobfishSpawnRolls was corrected from null to its default, 0. 
[11Apr2025 07:06:48.085] [main/WARN] [net.minecraftforge.common.ForgeConfigSpec/CORE]: Incorrect key general.spawning.sealSpawnWeight was corrected from null to its default, 30. 
[11Apr2025 07:06:48.085] [main/WARN] [net.minecraftforge.common.ForgeConfigSpec/CORE]: Incorrect key general.spawning.sealSpawnRolls was corrected from null to its default, 0. 
[11Apr2025 07:06:48.086] [main/WARN] [net.minecraftforge.common.ForgeConfigSpec/CORE]: Incorrect key general.spawning.cockroachSpawnWeight was corrected from null to its default, 4. 
[11Apr2025 07:06:48.086] [main/WARN] [net.minecraftforge.common.ForgeConfigSpec/CORE]: Incorrect key general.spawning.cockroachSpawnRolls was corrected from null to its default, 0. 
[11Apr2025 07:06:48.087] [main/WARN] [net.minecraftforge.common.ForgeConfigSpec/CORE]: Incorrect key general.spawning.shoebillSpawnWeight was corrected from null to its default, 10. 
[11Apr2025 07:06:48.087] [main/WARN] [net.minecraftforge.common.ForgeConfigSpec/CORE]: Incorrect key general.spawning.shoebillSpawnRolls was corrected from null to its default, 0. 
[11Apr2025 07:06:48.087] [main/WARN] [net.minecraftforge.common.ForgeConfigSpec/CORE]: Incorrect key general.spawning.elephantSpawnWeight was corrected from null to its default, 30. 
[11Apr2025 07:06:48.087] [main/WARN] [net.minecraftforge.common.ForgeConfigSpec/CORE]: Incorrect key general.spawning.elephantSpawnRolls was corrected from null to its default, 0. 
[11Apr2025 07:06:48.087] [main/WARN] [net.minecraftforge.common.ForgeConfigSpec/CORE]: Incorrect key general.spawning.soulVultureSpawnWeight was corrected from null to its default, 30. 
[11Apr2025 07:06:48.088] [main/WARN] [net.minecraftforge.common.ForgeConfigSpec/CORE]: Incorrect key general.spawning.soulVultureSpawnRolls was corrected from null to its default, 0. 
[11Apr2025 07:06:48.089] [main/WARN] [net.minecraftforge.common.ForgeConfigSpec/CORE]: Incorrect key general.spawning.snowLeopardSpawnWeight was corrected from null to its default, 20. 
[11Apr2025 07:06:48.089] [main/WARN] [net.minecraftforge.common.ForgeConfigSpec/CORE]: Incorrect key general.spawning.snowLeopardSpawnRolls was corrected from null to its default, 0. 
[11Apr2025 07:06:48.089] [main/WARN] [net.minecraftforge.common.ForgeConfigSpec/CORE]: Incorrect key general.spawning.spectreSpawnWeight was corrected from null to its default, 10. 
[11Apr2025 07:06:48.089] [main/WARN] [net.minecraftforge.common.ForgeConfigSpec/CORE]: Incorrect key general.spawning.spectreSpawnRolls was corrected from null to its default, 5. 
[11Apr2025 07:06:48.089] [main/WARN] [net.minecraftforge.common.ForgeConfigSpec/CORE]: Incorrect key general.spawning.crowSpawnWeight was corrected from null to its default, 10. 
[11Apr2025 07:06:48.089] [main/WARN] [net.minecraftforge.common.ForgeConfigSpec/CORE]: Incorrect key general.spawning.crowSpawnRolls was corrected from null to its default, 0. 
[11Apr2025 07:06:48.090] [main/WARN] [net.minecraftforge.common.ForgeConfigSpec/CORE]: Incorrect key general.spawning.alligatorSnappingTurtleSpawnWeight was corrected from null to its default, 20. 
[11Apr2025 07:06:48.090] [main/WARN] [net.minecraftforge.common.ForgeConfigSpec/CORE]: Incorrect key general.spawning.alligatorSnappingTurtleSpawnRolls was corrected from null to its default, 1. 
[11Apr2025 07:06:48.090] [main/WARN] [net.minecraftforge.common.ForgeConfigSpec/CORE]: Incorrect key general.spawning.mungusSpawnWeight was corrected from null to its default, 4. 
[11Apr2025 07:06:48.091] [main/WARN] [net.minecraftforge.common.ForgeConfigSpec/CORE]: Incorrect key general.spawning.mungusSpawnRolls was corrected from null to its default, 1. 
[11Apr2025 07:06:48.091] [main/WARN] [net.minecraftforge.common.ForgeConfigSpec/CORE]: Incorrect key general.spawning.mantisShrimpSpawnWeight was corrected from null to its default, 15. 
[11Apr2025 07:06:48.091] [main/WARN] [net.minecraftforge.common.ForgeConfigSpec/CORE]: Incorrect key general.spawning.mantisShrimpSpawnRolls was corrected from null to its default, 0. 
[11Apr2025 07:06:48.091] [main/WARN] [net.minecraftforge.common.ForgeConfigSpec/CORE]: Incorrect key general.spawning.gusterSpawnWeight was corrected from null to its default, 35. 
[11Apr2025 07:06:48.091] [main/WARN] [net.minecraftforge.common.ForgeConfigSpec/CORE]: Incorrect key general.spawning.gusterSpawnRolls was corrected from null to its default, 0. 
[11Apr2025 07:06:48.091] [main/WARN] [net.minecraftforge.common.ForgeConfigSpec/CORE]: Incorrect key general.spawning.warpedMoscoSpawnWeight was corrected from null to its default, 1. 
[11Apr2025 07:06:48.092] [main/WARN] [net.minecraftforge.common.ForgeConfigSpec/CORE]: Incorrect key general.spawning.warpedMoscoSpawnRolls was corrected from null to its default, 1000. 
[11Apr2025 07:06:48.092] [main/WARN] [net.minecraftforge.common.ForgeConfigSpec/CORE]: Incorrect key general.spawning.straddlerSpawnWeight was corrected from null to its default, 85. 
[11Apr2025 07:06:48.093] [main/WARN] [net.minecraftforge.common.ForgeConfigSpec/CORE]: Incorrect key general.spawning.straddlerSpawnRolls was corrected from null to its default, 0. 
[11Apr2025 07:06:48.093] [main/WARN] [net.minecraftforge.common.ForgeConfigSpec/CORE]: Incorrect key general.spawning.stradpoleSpawnWeight was corrected from null to its default, 10. 
[11Apr2025 07:06:48.093] [main/WARN] [net.minecraftforge.common.ForgeConfigSpec/CORE]: Incorrect key general.spawning.stradpoleSpawnRolls was corrected from null to its default, 3. 
[11Apr2025 07:06:48.093] [main/WARN] [net.minecraftforge.common.ForgeConfigSpec/CORE]: Incorrect key general.spawning.emuSpawnWeight was corrected from null to its default, 20. 
[11Apr2025 07:06:48.094] [main/WARN] [net.minecraftforge.common.ForgeConfigSpec/CORE]: Incorrect key general.spawning.emuSpawnRolls was corrected from null to its default, 0. 
[11Apr2025 07:06:48.094] [main/WARN] [net.minecraftforge.common.ForgeConfigSpec/CORE]: Incorrect key general.spawning.platypusSpawnWeight was corrected from null to its default, 30. 
[11Apr2025 07:06:48.094] [main/WARN] [net.minecraftforge.common.ForgeConfigSpec/CORE]: Incorrect key general.spawning.platypusSpawnRolls was corrected from null to its default, 0. 
[11Apr2025 07:06:48.094] [main/WARN] [net.minecraftforge.common.ForgeConfigSpec/CORE]: Incorrect key general.spawning.dropbearSpawnWeight was corrected from null to its default, 19. 
[11Apr2025 07:06:48.094] [main/WARN] [net.minecraftforge.common.ForgeConfigSpec/CORE]: Incorrect key general.spawning.dropbearSpawnRolls was corrected from null to its default, 1. 
[11Apr2025 07:06:48.094] [main/WARN] [net.minecraftforge.common.ForgeConfigSpec/CORE]: Incorrect key general.spawning.tasmanianDevilSpawnWeight was corrected from null to its default, 10. 
[11Apr2025 07:06:48.095] [main/WARN] [net.minecraftforge.common.ForgeConfigSpec/CORE]: Incorrect key general.spawning.tasmanianDevilSpawnRolls was corrected from null to its default, 0. 
[11Apr2025 07:06:48.095] [main/WARN] [net.minecraftforge.common.ForgeConfigSpec/CORE]: Incorrect key general.spawning.kangarooSpawnWeight was corrected from null to its default, 25. 
[11Apr2025 07:06:48.095] [main/WARN] [net.minecraftforge.common.ForgeConfigSpec/CORE]: Incorrect key general.spawning.kangarooSpawnRolls was corrected from null to its default, 0. 
[11Apr2025 07:06:48.095] [main/WARN] [net.minecraftforge.common.ForgeConfigSpec/CORE]: Incorrect key general.spawning.cachalotWhaleSpawnWeight was corrected from null to its default, 2. 
[11Apr2025 07:06:48.095] [main/WARN] [net.minecraftforge.common.ForgeConfigSpec/CORE]: Incorrect key general.spawning.cachalotWhaleSpawnRolls was corrected from null to its default, 0. 
[11Apr2025 07:06:48.095] [main/WARN] [net.minecraftforge.common.ForgeConfigSpec/CORE]: Incorrect key general.spawning.enderiophageSpawnWeight was corrected from null to its default, 4. 
[11Apr2025 07:06:48.096] [main/WARN] [net.minecraftforge.common.ForgeConfigSpec/CORE]: Incorrect key general.spawning.enderiophageSpawnRolls was corrected from null to its default, 2. 
[11Apr2025 07:06:48.096] [main/WARN] [net.minecraftforge.common.ForgeConfigSpec/CORE]: Incorrect key general.spawning.baldEagleSpawnWeight was corrected from null to its default, 15. 
[11Apr2025 07:06:48.096] [main/WARN] [net.minecraftforge.common.ForgeConfigSpec/CORE]: Incorrect key general.spawning.baldEagleSpawnRolls was corrected from null to its default, 0. 
[11Apr2025 07:06:48.096] [main/WARN] [net.minecraftforge.common.ForgeConfigSpec/CORE]: Incorrect key general.spawning.tigerSpawnWeight was corrected from null to its default, 100. 
[11Apr2025 07:06:48.096] [main/WARN] [net.minecraftforge.common.ForgeConfigSpec/CORE]: Incorrect key general.spawning.tigerSpawnRolls was corrected from null to its default, 0. 
[11Apr2025 07:06:48.096] [main/WARN] [net.minecraftforge.common.ForgeConfigSpec/CORE]: Incorrect key general.spawning.tarantulaHawkSpawnWeight was corrected from null to its default, 6. 
[11Apr2025 07:06:48.097] [main/WARN] [net.minecraftforge.common.ForgeConfigSpec/CORE]: Incorrect key general.spawning.tarantulaHawkSpawnRolls was corrected from null to its default, 1. 
[11Apr2025 07:06:48.097] [main/WARN] [net.minecraftforge.common.ForgeConfigSpec/CORE]: Incorrect key general.spawning.voidWormSpawnWeight was corrected from null to its default, 0. 
[11Apr2025 07:06:48.097] [main/WARN] [net.minecraftforge.common.ForgeConfigSpec/CORE]: Incorrect key general.spawning.voidWormSpawnRolls was corrected from null to its default, 0. 
[11Apr2025 07:06:48.097] [main/WARN] [net.minecraftforge.common.ForgeConfigSpec/CORE]: Incorrect key general.spawning.frilledSharkSpawnWeight was corrected from null to its default, 11. 
[11Apr2025 07:06:48.097] [main/WARN] [net.minecraftforge.common.ForgeConfigSpec/CORE]: Incorrect key general.spawning.frilledSharkSpawnRolls was corrected from null to its default, 0. 
[11Apr2025 07:06:48.097] [main/WARN] [net.minecraftforge.common.ForgeConfigSpec/CORE]: Incorrect key general.spawning.mimicOctopusSpawnWeight was corrected from null to its default, 9. 
[11Apr2025 07:06:48.098] [main/WARN] [net.minecraftforge.common.ForgeConfigSpec/CORE]: Incorrect key general.spawning.mimicOctopusSpawnRolls was corrected from null to its default, 0. 
[11Apr2025 07:06:48.098] [main/WARN] [net.minecraftforge.common.ForgeConfigSpec/CORE]: Incorrect key general.spawning.seagullSpawnWeight was corrected from null to its default, 21. 
[11Apr2025 07:06:48.098] [main/WARN] [net.minecraftforge.common.ForgeConfigSpec/CORE]: Incorrect key general.spawning.seagullSpawnRolls was corrected from null to its default, 0. 
[11Apr2025 07:06:48.099] [main/WARN] [net.minecraftforge.common.ForgeConfigSpec/CORE]: Incorrect key general.spawning.froststalkerSpawnWeight was corrected from null to its default, 20. 
[11Apr2025 07:06:48.099] [main/WARN] [net.minecraftforge.common.ForgeConfigSpec/CORE]: Incorrect key general.spawning.froststalkerSpawnRolls was corrected from null to its default, 0. 
[11Apr2025 07:06:48.099] [main/WARN] [net.minecraftforge.common.ForgeConfigSpec/CORE]: Incorrect key general.spawning.tusklinSpawnWeight was corrected from null to its default, 18. 
[11Apr2025 07:06:48.099] [main/WARN] [net.minecraftforge.common.ForgeConfigSpec/CORE]: Incorrect key general.spawning.tusklinSpawnRolls was corrected from null to its default, 0. 
[11Apr2025 07:06:48.099] [main/WARN] [net.minecraftforge.common.ForgeConfigSpec/CORE]: Incorrect key general.spawning.laviathanSpawnWeight was corrected from null to its default, 15. 
[11Apr2025 07:06:48.100] [main/WARN] [net.minecraftforge.common.ForgeConfigSpec/CORE]: Incorrect key general.spawning.laviathanSpawnRolls was corrected from null to its default, 1. 
[11Apr2025 07:06:48.101] [main/WARN] [net.minecraftforge.common.ForgeConfigSpec/CORE]: Incorrect key general.spawning.cosmawSpawnWeight was corrected from null to its default, 9. 
[11Apr2025 07:06:48.101] [main/WARN] [net.minecraftforge.common.ForgeConfigSpec/CORE]: Incorrect key general.spawning.cosmawSpawnRolls was corrected from null to its default, 0. 
[11Apr2025 07:06:48.101] [main/WARN] [net.minecraftforge.common.ForgeConfigSpec/CORE]: Incorrect key general.spawning.toucanSpawnWeight was corrected from null to its default, 23. 
[11Apr2025 07:06:48.101] [main/WARN] [net.minecraftforge.common.ForgeConfigSpec/CORE]: Incorrect key general.spawning.toucanSpawnRolls was corrected from null to its default, 0. 
[11Apr2025 07:06:48.101] [main/WARN] [net.minecraftforge.common.ForgeConfigSpec/CORE]: Incorrect key general.spawning.manedWolfSpawnWeight was corrected from null to its default, 8. 
[11Apr2025 07:06:48.102] [main/WARN] [net.minecraftforge.common.ForgeConfigSpec/CORE]: Incorrect key general.spawning.manedWolfSpawnRolls was corrected from null to its default, 0. 
[11Apr2025 07:06:48.102] [main/WARN] [net.minecraftforge.common.ForgeConfigSpec/CORE]: Incorrect key general.spawning.anacondaSpawnWeight was corrected from null to its default, 12. 
[11Apr2025 07:06:48.102] [main/WARN] [net.minecraftforge.common.ForgeConfigSpec/CORE]: Incorrect key general.spawning.anacondaSpawnRolls was corrected from null to its default, 0. 
[11Apr2025 07:06:48.102] [main/WARN] [net.minecraftforge.common.ForgeConfigSpec/CORE]: Incorrect key general.spawning.anteaterSpawnWeight was corrected from null to its default, 7. 
[11Apr2025 07:06:48.102] [main/WARN] [net.minecraftforge.common.ForgeConfigSpec/CORE]: Incorrect key general.spawning.anteaterSpawnRolls was corrected from null to its default, 0. 
[11Apr2025 07:06:48.102] [main/WARN] [net.minecraftforge.common.ForgeConfigSpec/CORE]: Incorrect key general.spawning.rockyRollerSpawnWeight was corrected from null to its default, 40. 
[11Apr2025 07:06:48.102] [main/WARN] [net.minecraftforge.common.ForgeConfigSpec/CORE]: Incorrect key general.spawning.rockyRollerSpawnRolls was corrected from null to its default, 0. 
[11Apr2025 07:06:48.102] [main/WARN] [net.minecraftforge.common.ForgeConfigSpec/CORE]: Incorrect key general.spawning.flutterSpawnWeight was corrected from null to its default, 13. 
[11Apr2025 07:06:48.103] [main/WARN] [net.minecraftforge.common.ForgeConfigSpec/CORE]: Incorrect key general.spawning.flutterSpawnRolls was corrected from null to its default, 0. 
[11Apr2025 07:06:48.103] [main/WARN] [net.minecraftforge.common.ForgeConfigSpec/CORE]: Incorrect key general.spawning.geladaMonkeySpawnWeight was corrected from null to its default, 3. 
[11Apr2025 07:06:48.103] [main/WARN] [net.minecraftforge.common.ForgeConfigSpec/CORE]: Incorrect key general.spawning.geladaMonkeySpawnRolls was corrected from null to its default, 0. 
[11Apr2025 07:06:48.103] [main/WARN] [net.minecraftforge.common.ForgeConfigSpec/CORE]: Incorrect key general.spawning.jerboaSpawnWeight was corrected from null to its default, 12. 
[11Apr2025 07:06:48.103] [main/WARN] [net.minecraftforge.common.ForgeConfigSpec/CORE]: Incorrect key general.spawning.jerboaSpawnRolls was corrected from null to its default, 2. 
[11Apr2025 07:06:48.103] [main/WARN] [net.minecraftforge.common.ForgeConfigSpec/CORE]: Incorrect key general.spawning.terrapinSpawnWeight was corrected from null to its default, 4. 
[11Apr2025 07:06:48.103] [main/WARN] [net.minecraftforge.common.ForgeConfigSpec/CORE]: Incorrect key general.spawning.terrapinSpawnRolls was corrected from null to its default, 0. 
[11Apr2025 07:06:48.103] [main/WARN] [net.minecraftforge.common.ForgeConfigSpec/CORE]: Incorrect key general.spawning.combJellySpawnWeight was corrected from null to its default, 5. 
[11Apr2025 07:06:48.104] [main/WARN] [net.minecraftforge.common.ForgeConfigSpec/CORE]: Incorrect key general.spawning.combJellySpawnRolls was corrected from null to its default, 1. 
[11Apr2025 07:06:48.104] [main/WARN] [net.minecraftforge.common.ForgeConfigSpec/CORE]: Incorrect key general.spawning.cosmicCodSpawnWeight was corrected from null to its default, 5. 
[11Apr2025 07:06:48.104] [main/WARN] [net.minecraftforge.common.ForgeConfigSpec/CORE]: Incorrect key general.spawning.cosmicCodSpawnRolls was corrected from null to its default, 0. 
[11Apr2025 07:06:48.104] [main/WARN] [net.minecraftforge.common.ForgeConfigSpec/CORE]: Incorrect key general.spawning.bunfungusSpawnWeight was corrected from null to its default, 3. 
[11Apr2025 07:06:48.105] [main/WARN] [net.minecraftforge.common.ForgeConfigSpec/CORE]: Incorrect key general.spawning.bunfungusSpawnRolls was corrected from null to its default, 0. 
[11Apr2025 07:06:48.106] [main/WARN] [net.minecraftforge.common.ForgeConfigSpec/CORE]: Incorrect key general.spawning.bisonSpawnWeight was corrected from null to its default, 9. 
[11Apr2025 07:06:48.107] [main/WARN] [net.minecraftforge.common.ForgeConfigSpec/CORE]: Incorrect key general.spawning.bisonSpawnRolls was corrected from null to its default, 0. 
[11Apr2025 07:06:48.107] [main/WARN] [net.minecraftforge.common.ForgeConfigSpec/CORE]: Incorrect key general.spawning.giantSquidSpawnWeight was corrected from null to its default, 3. 
[11Apr2025 07:06:48.107] [main/WARN] [net.minecraftforge.common.ForgeConfigSpec/CORE]: Incorrect key general.spawning.giantSquidSpawnRolls was corrected from null to its default, 0. 
[11Apr2025 07:06:48.107] [main/WARN] [net.minecraftforge.common.ForgeConfigSpec/CORE]: Incorrect key general.spawning.devilsHolePupfishSpawnWeight was corrected from null to its default, 23. 
[11Apr2025 07:06:48.108] [main/WARN] [net.minecraftforge.common.ForgeConfigSpec/CORE]: Incorrect key general.spawning.devilsHolePupfishSpawnRolls was corrected from null to its default, 0. 
[11Apr2025 07:06:48.108] [main/WARN] [net.minecraftforge.common.ForgeConfigSpec/CORE]: Incorrect key general.spawning.catfishSpawnWeight was corrected from null to its default, 4. 
[11Apr2025 07:06:48.108] [main/WARN] [net.minecraftforge.common.ForgeConfigSpec/CORE]: Incorrect key general.spawning.catfishSpawnRolls was corrected from null to its default, 2. 
[11Apr2025 07:06:48.108] [main/WARN] [net.minecraftforge.common.ForgeConfigSpec/CORE]: Incorrect key general.spawning.flyingFishSpawnWeight was corrected from null to its default, 8. 
[11Apr2025 07:06:48.108] [main/WARN] [net.minecraftforge.common.ForgeConfigSpec/CORE]: Incorrect key general.spawning.flyingFishSpawnRolls was corrected from null to its default, 0. 
[11Apr2025 07:06:48.108] [main/WARN] [net.minecraftforge.common.ForgeConfigSpec/CORE]: Incorrect key general.spawning.skelewagSpawnWeight was corrected from null to its default, 15. 
[11Apr2025 07:06:48.109] [main/WARN] [net.minecraftforge.common.ForgeConfigSpec/CORE]: Incorrect key general.spawning.skelewagSpawnRolls was corrected from null to its default, 0. 
[11Apr2025 07:06:48.109] [main/WARN] [net.minecraftforge.common.ForgeConfigSpec/CORE]: Incorrect key general.spawning.uniqueSpawning was corrected from null to its default, SimpleCommentedConfig:{}. 
[11Apr2025 07:06:48.109] [main/WARN] [net.minecraftforge.common.ForgeConfigSpec/CORE]: Incorrect key general.spawning.uniqueSpawning.beachedCachalotWhales was corrected from null to its default, true. 
[11Apr2025 07:06:48.109] [main/WARN] [net.minecraftforge.common.ForgeConfigSpec/CORE]: Incorrect key general.spawning.uniqueSpawning.beachedCachalotWhaleSpawnChance was corrected from null to its default, 5. 
[11Apr2025 07:06:48.109] [main/WARN] [net.minecraftforge.common.ForgeConfigSpec/CORE]: Incorrect key general.spawning.uniqueSpawning.beachedCachalotWhaleSpawnDelay was corrected from null to its default, 24000. 
[11Apr2025 07:06:48.109] [main/WARN] [net.minecraftforge.common.ForgeConfigSpec/CORE]: Incorrect key general.spawning.uniqueSpawning.leafcutterAnthillSpawnChance was corrected from null to its default, 0.004999999888241291. 
[11Apr2025 07:06:48.110] [main/WARN] [net.minecraftforge.common.ForgeConfigSpec/CORE]: Incorrect key general.spawning.uniqueSpawning.restrictPupfishSpawns was corrected from null to its default, true. 
[11Apr2025 07:06:48.110] [main/WARN] [net.minecraftforge.common.ForgeConfigSpec/CORE]: Incorrect key general.spawning.uniqueSpawning.pupfishChunkSpawnDistance was corrected from null to its default, 2000. 
[11Apr2025 07:06:48.110] [main/WARN] [net.minecraftforge.common.ForgeConfigSpec/CORE]: Incorrect key general.spawning.uniqueSpawning.restrictSkelewagSpawns was corrected from null to its default, true. 
[11Apr2025 07:06:48.110] [main/WARN] [net.minecraftforge.common.ForgeConfigSpec/CORE]: Incorrect key general.spawning.uniqueSpawning.dangerZone was corrected from null to its default, SimpleCommentedConfig:{}. 
[11Apr2025 07:06:48.110] [main/WARN] [net.minecraftforge.common.ForgeConfigSpec/CORE]: Incorrect key general.spawning.uniqueSpawning.dangerZone.superSecretSettings was corrected from null to its default, false. 
[11Apr2025 07:06:48.214] [main/WARN] [net.minecraftforge.common.ForgeConfigSpec/CORE]: Configuration file /workspaces/MinecraftServer2.0/servidor_minecraft/config/sophisticatedbackpacks-common.toml is not correct. Correcting
[11Apr2025 07:06:48.215] [main/WARN] [net.minecraftforge.common.ForgeConfigSpec/CORE]: Incorrect key common was corrected from null to its default, SimpleCommentedConfig:{}. 
[11Apr2025 07:06:48.215] [main/WARN] [net.minecraftforge.common.ForgeConfigSpec/CORE]: Incorrect key common.chestLootEnabled was corrected from null to its default, true. 
[11Apr2025 07:06:48.217] [main/WARN] [net.minecraftforge.common.ForgeConfigSpec/CORE]: Configuration file /workspaces/MinecraftServer2.0/servidor_minecraft/config/iceandfire-common.toml is not correct. Correcting
[11Apr2025 07:06:48.218] [main/WARN] [net.minecraftforge.common.ForgeConfigSpec/CORE]: Incorrect key Generation was corrected from null to its default, SimpleCommentedConfig:{}. 
[11Apr2025 07:06:48.218] [main/WARN] [net.minecraftforge.common.ForgeConfigSpec/CORE]: Incorrect key Generation.Ores was corrected from null to its default, SimpleCommentedConfig:{}. 
[11Apr2025 07:06:48.218] [main/WARN] [net.minecraftforge.common.ForgeConfigSpec/CORE]: Incorrect key Generation.Ores.Generate Copper Ore was corrected from null to its default, true. 
[11Apr2025 07:06:48.218] [main/WARN] [net.minecraftforge.common.ForgeConfigSpec/CORE]: Incorrect key Generation.Ores.Generate Silver Ore was corrected from null to its default, true. 
[11Apr2025 07:06:48.218] [main/WARN] [net.minecraftforge.common.ForgeConfigSpec/CORE]: Incorrect key Generation.Ores.Generate Sapphire Ore was corrected from null to its default, true. 
[11Apr2025 07:06:48.219] [main/WARN] [net.minecraftforge.common.ForgeConfigSpec/CORE]: Incorrect key Generation.Ores.Generate Amethyst Ore was corrected from null to its default, true. 
[11Apr2025 07:06:48.219] [main/WARN] [net.minecraftforge.common.ForgeConfigSpec/CORE]: Incorrect key Generation.Dragon was corrected from null to its default, SimpleCommentedConfig:{}. 
[11Apr2025 07:06:48.219] [main/WARN] [net.minecraftforge.common.ForgeConfigSpec/CORE]: Incorrect key Generation.Dragon.Generate Dragon Skeletons was corrected from null to its default, true. 
[11Apr2025 07:06:48.220] [main/WARN] [net.minecraftforge.common.ForgeConfigSpec/CORE]: Incorrect key Generation.Dragon.Generate Dragon Skeleton Chance was corrected from null to its default, 300. 
[11Apr2025 07:06:48.220] [main/WARN] [net.minecraftforge.common.ForgeConfigSpec/CORE]: Incorrect key Generation.Dragon.Generate Dragon Caves was corrected from null to its default, true. 
[11Apr2025 07:06:48.220] [main/WARN] [net.minecraftforge.common.ForgeConfigSpec/CORE]: Incorrect key Generation.Dragon.Generate Dragon Cave Chance was corrected from null to its default, 180. 
[11Apr2025 07:06:48.220] [main/WARN] [net.minecraftforge.common.ForgeConfigSpec/CORE]: Incorrect key Generation.Dragon.Generate Dragon Roosts was corrected from null to its default, true. 
[11Apr2025 07:06:48.220] [main/WARN] [net.minecraftforge.common.ForgeConfigSpec/CORE]: Incorrect key Generation.Dragon.Generate Dragon Roost Chance was corrected from null to its default, 360. 
[11Apr2025 07:06:48.220] [main/WARN] [net.minecraftforge.common.ForgeConfigSpec/CORE]: Incorrect key Generation.Dragon.Dragon Den Gold Amount was corrected from null to its default, 4. 
[11Apr2025 07:06:48.222] [main/WARN] [net.minecraftforge.common.ForgeConfigSpec/CORE]: Incorrect key Generation.Dragon.Dragon Cave Ore Ratio was corrected from null to its default, 45. 
[11Apr2025 07:06:48.222] [main/WARN] [net.minecraftforge.common.ForgeConfigSpec/CORE]: Incorrect key Generation.Structures-Features was corrected from null to its default, SimpleCommentedConfig:{}. 
[11Apr2025 07:06:48.222] [main/WARN] [net.minecraftforge.common.ForgeConfigSpec/CORE]: Incorrect key Generation.Structures-Features.Dangerous World Gen Dist From Spawn was corrected from null to its default, 800. 
[11Apr2025 07:06:48.222] [main/WARN] [net.minecraftforge.common.ForgeConfigSpec/CORE]: Incorrect key Generation.Structures-Features.Dangerous World Gen Dist Seperation was corrected from null to its default, 300. 
[11Apr2025 07:06:48.222] [main/WARN] [net.minecraftforge.common.ForgeConfigSpec/CORE]: Incorrect key Generation.Structures-Features.Generate Glaciers was corrected from null to its default, true. 
[11Apr2025 07:06:48.222] [main/WARN] [net.minecraftforge.common.ForgeConfigSpec/CORE]: Incorrect key Generation.Structures-Features.Glacier Spawn Weight was corrected from null to its default, 4. 
[11Apr2025 07:06:48.223] [main/WARN] [net.minecraftforge.common.ForgeConfigSpec/CORE]: Incorrect key Generation.Structures-Features.Generate Mausoleums was corrected from null to its default, true. 
[11Apr2025 07:06:48.223] [main/WARN] [net.minecraftforge.common.ForgeConfigSpec/CORE]: Incorrect key Generation.Structures-Features.Mausoleum Gen Chance was corrected from null to its default, 1800. 
[11Apr2025 07:06:48.223] [main/WARN] [net.minecraftforge.common.ForgeConfigSpec/CORE]: Incorrect key Generation.Structures-Features.Generate Graveyards was corrected from null to its default, true. 
[11Apr2025 07:06:48.223] [main/WARN] [net.minecraftforge.common.ForgeConfigSpec/CORE]: Incorrect key Generation.Structures-Features.Graveyard Chance was corrected from null to its default, 46. 
[11Apr2025 07:06:48.224] [main/WARN] [net.minecraftforge.common.ForgeConfigSpec/CORE]: Incorrect key Dragons was corrected from null to its default, SimpleCommentedConfig:{}. 
[11Apr2025 07:06:48.224] [main/WARN] [net.minecraftforge.common.ForgeConfigSpec/CORE]: Incorrect key Dragons.Griefing was corrected from null to its default, SimpleCommentedConfig:{}. 
[11Apr2025 07:06:48.224] [main/WARN] [net.minecraftforge.common.ForgeConfigSpec/CORE]: Incorrect key Dragons.Griefing.Dragon Griefing was corrected from null to its default, 0. 
[11Apr2025 07:06:48.224] [main/WARN] [net.minecraftforge.common.ForgeConfigSpec/CORE]: Incorrect key Dragons.Griefing.Tamed Dragon Griefing was corrected from null to its default, true. 
[11Apr2025 07:06:48.224] [main/WARN] [net.minecraftforge.common.ForgeConfigSpec/CORE]: Incorrect key Dragons.Griefing.Dragon Block Breaking Drop Chance was corrected from null to its default, 0.10000000149011612. 
[11Apr2025 07:06:48.224] [main/WARN] [net.minecraftforge.common.ForgeConfigSpec/CORE]: Incorrect key Dragons.Griefing.blacklistedBreakBlocks was corrected from null to its default, []. 
[11Apr2025 07:06:48.225] [main/WARN] [net.minecraftforge.common.ForgeConfigSpec/CORE]: Incorrect key Dragons.Griefing.noDropBreakBlocks was corrected from null to its default, [minecraft:stone, minecraft:dirt, minecraft:grass_block]. 
[11Apr2025 07:06:48.225] [main/WARN] [net.minecraftforge.common.ForgeConfigSpec/CORE]: Incorrect key Dragons.Attributes was corrected from null to its default, SimpleCommentedConfig:{}. 
[11Apr2025 07:06:48.225] [main/WARN] [net.minecraftforge.common.ForgeConfigSpec/CORE]: Incorrect key Dragons.Attributes.Dragon Egg Hatch Time was corrected from null to its default, 7200. 
[11Apr2025 07:06:48.225] [main/WARN] [net.minecraftforge.common.ForgeConfigSpec/CORE]: Incorrect key Dragons.Attributes.Dragon Flap Noise Distance was corrected from null to its default, 4. 
[11Apr2025 07:06:48.225] [main/WARN] [net.minecraftforge.common.ForgeConfigSpec/CORE]: Incorrect key Dragons.Attributes.Dragon Flute Distance was corrected from null to its default, 4. 
[11Apr2025 07:06:48.226] [main/WARN] [net.minecraftforge.common.ForgeConfigSpec/CORE]: Incorrect key Dragons.Attributes.Dragon Health was corrected from null to its default, 500.0. 
[11Apr2025 07:06:48.226] [main/WARN] [net.minecraftforge.common.ForgeConfigSpec/CORE]: Incorrect key Dragons.Attributes.Dragon Attack Damage was corrected from null to its default, 17. 
[11Apr2025 07:06:48.226] [main/WARN] [net.minecraftforge.common.ForgeConfigSpec/CORE]: Incorrect key Dragons.Attributes.Dragon Attack Damage(Fire breath) was corrected from null to its default, 2.0. 
[11Apr2025 07:06:48.226] [main/WARN] [net.minecraftforge.common.ForgeConfigSpec/CORE]: Incorrect key Dragons.Attributes.Dragon Attack Damage(Ice breath) was corrected from null to its default, 2.5. 
[11Apr2025 07:06:48.226] [main/WARN] [net.minecraftforge.common.ForgeConfigSpec/CORE]: Incorrect key Dragons.Attributes.Dragon Attack Damage(Lightning breath) was corrected from null to its default, 3.5. 
[11Apr2025 07:06:48.226] [main/WARN] [net.minecraftforge.common.ForgeConfigSpec/CORE]: Incorrect key Dragons.Attributes.Dragon Flight Speed Modifier was corrected from null to its default, 1.0. 
[11Apr2025 07:06:48.227] [main/WARN] [net.minecraftforge.common.ForgeConfigSpec/CORE]: Incorrect key Dragons.Attributes.Dragon Moved Wrongly Error Fix was corrected from null to its default, false. 
[11Apr2025 07:06:48.227] [main/WARN] [net.minecraftforge.common.ForgeConfigSpec/CORE]: Incorrect key Dragons.Behaviour was corrected from null to its default, SimpleCommentedConfig:{}. 
[11Apr2025 07:06:48.227] [main/WARN] [net.minecraftforge.common.ForgeConfigSpec/CORE]: Incorrect key Dragons.Behaviour.Max Dragon Flight Height was corrected from null to its default, 128. 
[11Apr2025 07:06:48.227] [main/WARN] [net.minecraftforge.common.ForgeConfigSpec/CORE]: Incorrect key Dragons.Behaviour.Dragon Gold Search Length was corrected from null to its default, 30. 
[11Apr2025 07:06:48.227] [main/WARN] [net.minecraftforge.common.ForgeConfigSpec/CORE]: Incorrect key Dragons.Behaviour.Dragons Despawn was corrected from null to its default, true. 
[11Apr2025 07:06:48.228] [main/WARN] [net.minecraftforge.common.ForgeConfigSpec/CORE]: Incorrect key Dragons.Behaviour.Tamed Dragons Sleep was corrected from null to its default, true. 
[11Apr2025 07:06:48.228] [main/WARN] [net.minecraftforge.common.ForgeConfigSpec/CORE]: Incorrect key Dragons.Behaviour.Dragons Dig When Stuck was corrected from null to its default, true. 
[11Apr2025 07:06:48.228] [main/WARN] [net.minecraftforge.common.ForgeConfigSpec/CORE]: Incorrect key Dragons.Behaviour.Dragons Drop Skull was corrected from null to its default, true. 
[11Apr2025 07:06:48.229] [main/WARN] [net.minecraftforge.common.ForgeConfigSpec/CORE]: Incorrect key Dragons.Behaviour.Dragons Drop Heart was corrected from null to its default, true. 
[11Apr2025 07:06:48.229] [main/WARN] [net.minecraftforge.common.ForgeConfigSpec/CORE]: Incorrect key Dragons.Behaviour.Dragons Drop Blood was corrected from null to its default, true. 
[11Apr2025 07:06:48.229] [main/WARN] [net.minecraftforge.common.ForgeConfigSpec/CORE]: Incorrect key Dragons.Behaviour.Explosive Dragon Breath was corrected from null to its default, false. 
[11Apr2025 07:06:48.229] [main/WARN] [net.minecraftforge.common.ForgeConfigSpec/CORE]: Incorrect key Dragons.Behaviour.Dragon Target Search Length was corrected from null to its default, 128. 
[11Apr2025 07:06:48.229] [main/WARN] [net.minecraftforge.common.ForgeConfigSpec/CORE]: Incorrect key Dragons.Behaviour.Dragon Wander From Home Distance was corrected from null to its default, 40. 
[11Apr2025 07:06:48.230] [main/WARN] [net.minecraftforge.common.ForgeConfigSpec/CORE]: Incorrect key Dragons.Behaviour.Dragon Hunger Tick Rate was corrected from null to its default, 3000. 
[11Apr2025 07:06:48.230] [main/WARN] [net.minecraftforge.common.ForgeConfigSpec/CORE]: Incorrect key Dragons.Behaviour.Dragon Block Break Cooldown was corrected from null to its default, 5. 
[11Apr2025 07:06:48.230] [main/WARN] [net.minecraftforge.common.ForgeConfigSpec/CORE]: Incorrect key Dragons.Behaviour.Villagers Fear Dragons was corrected from null to its default, true. 
[11Apr2025 07:06:48.230] [main/WARN] [net.minecraftforge.common.ForgeConfigSpec/CORE]: Incorrect key Dragons.Behaviour.Animals Fear Dragons was corrected from null to its default, true. 
[11Apr2025 07:06:48.231] [main/WARN] [net.minecraftforge.common.ForgeConfigSpec/CORE]: Incorrect key Dragons.Behaviour.Intelligent Dragon Pathfinding was corrected from null to its default, false. 
[11Apr2025 07:06:48.231] [main/WARN] [net.minecraftforge.common.ForgeConfigSpec/CORE]: Incorrect key Mobs was corrected from null to its default, SimpleCommentedConfig:{}. 
[11Apr2025 07:06:48.232] [main/WARN] [net.minecraftforge.common.ForgeConfigSpec/CORE]: Incorrect key Mobs.Pixies was corrected from null to its default, SimpleCommentedConfig:{}. 
[11Apr2025 07:06:48.232] [main/WARN] [net.minecraftforge.common.ForgeConfigSpec/CORE]: Incorrect key Mobs.Pixies.Spawn Pixies was corrected from null to its default, true. 
[11Apr2025 07:06:48.232] [main/WARN] [net.minecraftforge.common.ForgeConfigSpec/CORE]: Incorrect key Mobs.Pixies.Spawn Pixies Chance was corrected from null to its default, 60. 
[11Apr2025 07:06:48.232] [main/WARN] [net.minecraftforge.common.ForgeConfigSpec/CORE]: Incorrect key Mobs.Pixies.Pixie Village Size was corrected from null to its default, 5. 
[11Apr2025 07:06:48.232] [main/WARN] [net.minecraftforge.common.ForgeConfigSpec/CORE]: Incorrect key Mobs.Pixies.Pixies Steal Items was corrected from null to its default, true. 
[11Apr2025 07:06:48.233] [main/WARN] [net.minecraftforge.common.ForgeConfigSpec/CORE]: Incorrect key Mobs.Cyclops was corrected from null to its default, SimpleCommentedConfig:{}. 
[11Apr2025 07:06:48.233] [main/WARN] [net.minecraftforge.common.ForgeConfigSpec/CORE]: Incorrect key Mobs.Cyclops.Spawn Cyclopes Caves was corrected from null to its default, true. 
[11Apr2025 07:06:48.233] [main/WARN] [net.minecraftforge.common.ForgeConfigSpec/CORE]: Incorrect key Mobs.Cyclops.Spawn Cyclops Cave Chance was corrected from null to its default, 100. 
[11Apr2025 07:06:48.233] [main/WARN] [net.minecraftforge.common.ForgeConfigSpec/CORE]: Incorrect key Mobs.Cyclops.Spawn Wandering Cyclopes was corrected from null to its default, true. 
[11Apr2025 07:06:48.233] [main/WARN] [net.minecraftforge.common.ForgeConfigSpec/CORE]: Incorrect key Mobs.Cyclops.Spawn Wandering Cyclops Chance was corrected from null to its default, 100. 
[11Apr2025 07:06:48.233] [main/WARN] [net.minecraftforge.common.ForgeConfigSpec/CORE]: Incorrect key Mobs.Cyclops.Cyclops Max Health was corrected from null to its default, 150.0. 
[11Apr2025 07:06:48.234] [main/WARN] [net.minecraftforge.common.ForgeConfigSpec/CORE]: Incorrect key Mobs.Cyclops.Cyclopes Sheep Search Length was corrected from null to its default, 17. 
[11Apr2025 07:06:48.235] [main/WARN] [net.minecraftforge.common.ForgeConfigSpec/CORE]: Incorrect key Mobs.Cyclops.Cyclops Attack Strength was corrected from null to its default, 15.0. 
[11Apr2025 07:06:48.235] [main/WARN] [net.minecraftforge.common.ForgeConfigSpec/CORE]: Incorrect key Mobs.Cyclops.Cyclops Bite Strength was corrected from null to its default, 40.0. 
[11Apr2025 07:06:48.235] [main/WARN] [net.minecraftforge.common.ForgeConfigSpec/CORE]: Incorrect key Mobs.Cyclops.Cyclops Griefing was corrected from null to its default, true. 
[11Apr2025 07:06:48.235] [main/WARN] [net.minecraftforge.common.ForgeConfigSpec/CORE]: Incorrect key Mobs.Sirens was corrected from null to its default, SimpleCommentedConfig:{}. 
[11Apr2025 07:06:48.235] [main/WARN] [net.minecraftforge.common.ForgeConfigSpec/CORE]: Incorrect key Mobs.Sirens.Siren Max Health was corrected from null to its default, 50.0. 
[11Apr2025 07:06:48.236] [main/WARN] [net.minecraftforge.common.ForgeConfigSpec/CORE]: Incorrect key Mobs.Sirens.Spawn Sirens was corrected from null to its default, true. 
[11Apr2025 07:06:48.236] [main/WARN] [net.minecraftforge.common.ForgeConfigSpec/CORE]: Incorrect key Mobs.Sirens.Use Siren Shader was corrected from null to its default, true. 
[11Apr2025 07:06:48.236] [main/WARN] [net.minecraftforge.common.ForgeConfigSpec/CORE]: Incorrect key Mobs.Sirens.Spawn Sirens Chance was corrected from null to its default, 400. 
[11Apr2025 07:06:48.236] [main/WARN] [net.minecraftforge.common.ForgeConfigSpec/CORE]: Incorrect key Mobs.Sirens.Siren Max Sing Time was corrected from null to its default, 12000. 
[11Apr2025 07:06:48.236] [main/WARN] [net.minecraftforge.common.ForgeConfigSpec/CORE]: Incorrect key Mobs.Sirens.Siren Time Between Songs was corrected from null to its default, 2000. 
[11Apr2025 07:06:48.236] [main/WARN] [net.minecraftforge.common.ForgeConfigSpec/CORE]: Incorrect key Mobs.DeathWorms was corrected from null to its default, SimpleCommentedConfig:{}. 
[11Apr2025 07:06:48.237] [main/WARN] [net.minecraftforge.common.ForgeConfigSpec/CORE]: Incorrect key Mobs.DeathWorms.Death Worm Target Search Length was corrected from null to its default, 64. 
[11Apr2025 07:06:48.237] [main/WARN] [net.minecraftforge.common.ForgeConfigSpec/CORE]: Incorrect key Mobs.DeathWorms.Death Worm Base Health was corrected from null to its default, 10.0. 
[11Apr2025 07:06:48.237] [main/WARN] [net.minecraftforge.common.ForgeConfigSpec/CORE]: Incorrect key Mobs.DeathWorms.Death Worm Base Attack Strength was corrected from null to its default, 3.0. 
[11Apr2025 07:06:48.238] [main/WARN] [net.minecraftforge.common.ForgeConfigSpec/CORE]: Incorrect key Mobs.DeathWorms.Spawn Death Worms was corrected from null to its default, true. 
[11Apr2025 07:06:48.238] [main/WARN] [net.minecraftforge.common.ForgeConfigSpec/CORE]: Incorrect key Mobs.DeathWorms.Death Worms Target Monsters was corrected from null to its default, true. 
[11Apr2025 07:06:48.239] [main/WARN] [net.minecraftforge.common.ForgeConfigSpec/CORE]: Incorrect key Mobs.DeathWorms.Death Worm Spawn Weight was corrected from null to its default, 30. 
[11Apr2025 07:06:48.239] [main/WARN] [net.minecraftforge.common.ForgeConfigSpec/CORE]: Incorrect key Mobs.DeathWorms.Death Worm Spawn Check Chance was corrected from null to its default, 3. 
[11Apr2025 07:06:48.239] [main/WARN] [net.minecraftforge.common.ForgeConfigSpec/CORE]: Incorrect key Mobs.Cockatrice was corrected from null to its default, SimpleCommentedConfig:{}. 
[11Apr2025 07:06:48.239] [main/WARN] [net.minecraftforge.common.ForgeConfigSpec/CORE]: Incorrect key Mobs.Cockatrice.Cockatrice Health was corrected from null to its default, 40.0. 
[11Apr2025 07:06:48.239] [main/WARN] [net.minecraftforge.common.ForgeConfigSpec/CORE]: Incorrect key Mobs.Cockatrice.Cockatrice chicken Search Length was corrected from null to its default, 30. 
[11Apr2025 07:06:48.239] [main/WARN] [net.minecraftforge.common.ForgeConfigSpec/CORE]: Incorrect key Mobs.Cockatrice.Chickens Lay Rotten Eggs was corrected from null to its default, true. 
[11Apr2025 07:06:48.240] [main/WARN] [net.minecraftforge.common.ForgeConfigSpec/CORE]: Incorrect key Mobs.Cockatrice.Spawn Cockatrices was corrected from null to its default, true. 
[11Apr2025 07:06:48.240] [main/WARN] [net.minecraftforge.common.ForgeConfigSpec/CORE]: Incorrect key Mobs.Cockatrice.Cockatrice Spawn Weight was corrected from null to its default, 4. 
[11Apr2025 07:06:48.240] [main/WARN] [net.minecraftforge.common.ForgeConfigSpec/CORE]: Incorrect key Mobs.Cockatrice.Cockatrice Spawn Check Chance was corrected from null to its default, 0. 
[11Apr2025 07:06:48.240] [main/WARN] [net.minecraftforge.common.ForgeConfigSpec/CORE]: Incorrect key Mobs.Stymphalians was corrected from null to its default, SimpleCommentedConfig:{}. 
[11Apr2025 07:06:48.240] [main/WARN] [net.minecraftforge.common.ForgeConfigSpec/CORE]: Incorrect key Mobs.Stymphalians.Stymphalian Bird Target Search Length was corrected from null to its default, 64. 
[11Apr2025 07:06:48.240] [main/WARN] [net.minecraftforge.common.ForgeConfigSpec/CORE]: Incorrect key Mobs.Stymphalians.Stymphalian Bird Feather Drop Chance was corrected from null to its default, 25. 
[11Apr2025 07:06:48.241] [main/WARN] [net.minecraftforge.common.ForgeConfigSpec/CORE]: Incorrect key Mobs.Stymphalians.Stymphalian Bird Feather Attack Strength was corrected from null to its default, 1.0. 
[11Apr2025 07:06:48.241] [main/WARN] [net.minecraftforge.common.ForgeConfigSpec/CORE]: Incorrect key Mobs.Stymphalians.Stymphalian Bird Flock Length was corrected from null to its default, 40. 
[11Apr2025 07:06:48.241] [main/WARN] [net.minecraftforge.common.ForgeConfigSpec/CORE]: Incorrect key Mobs.Stymphalians.Max Stymphalian Bird Flight Height was corrected from null to its default, 80. 
[11Apr2025 07:06:48.241] [main/WARN] [net.minecraftforge.common.ForgeConfigSpec/CORE]: Incorrect key Mobs.Stymphalians.Spawn Stymphalian Birds was corrected from null to its default, true. 
[11Apr2025 07:06:48.241] [main/WARN] [net.minecraftforge.common.ForgeConfigSpec/CORE]: Incorrect key Mobs.Stymphalians.Stymphalian Birds drop ore dict items was corrected from null to its default, true. 
[11Apr2025 07:06:48.242] [main/WARN] [net.minecraftforge.common.ForgeConfigSpec/CORE]: Incorrect key Mobs.Stymphalians.Stymphalian Birds Target Animals was corrected from null to its default, false. 
[11Apr2025 07:06:48.242] [main/WARN] [net.minecraftforge.common.ForgeConfigSpec/CORE]: Incorrect key Mobs.Stymphalians.Spawn Stymhphalian Bird Chance was corrected from null to its default, 100. 
[11Apr2025 07:06:48.242] [main/WARN] [net.minecraftforge.common.ForgeConfigSpec/CORE]: Incorrect key Mobs.Trolls was corrected from null to its default, SimpleCommentedConfig:{}. 
[11Apr2025 07:06:48.242] [main/WARN] [net.minecraftforge.common.ForgeConfigSpec/CORE]: Incorrect key Mobs.Trolls.Spawn Trolls was corrected from null to its default, true. 
[11Apr2025 07:06:48.242] [main/WARN] [net.minecraftforge.common.ForgeConfigSpec/CORE]: Incorrect key Mobs.Trolls.Trolls Drop Weapon was corrected from null to its default, true. 
[11Apr2025 07:06:48.242] [main/WARN] [net.minecraftforge.common.ForgeConfigSpec/CORE]: Incorrect key Mobs.Trolls.Troll Spawn Weight was corrected from null to its default, 40. 
[11Apr2025 07:06:48.243] [main/WARN] [net.minecraftforge.common.ForgeConfigSpec/CORE]: Incorrect key Mobs.Trolls.Troll Spawn Check Chance was corrected from null to its default, 2. 
[11Apr2025 07:06:48.243] [main/WARN] [net.minecraftforge.common.ForgeConfigSpec/CORE]: Incorrect key Mobs.Trolls.Troll Max Health was corrected from null to its default, 50.0. 
[11Apr2025 07:06:48.243] [main/WARN] [net.minecraftforge.common.ForgeConfigSpec/CORE]: Incorrect key Mobs.Trolls.Troll Attack Strength was corrected from null to its default, 10.0. 
[11Apr2025 07:06:48.244] [main/WARN] [net.minecraftforge.common.ForgeConfigSpec/CORE]: Incorrect key Mobs.Myrmex was corrected from null to its default, SimpleCommentedConfig:{}. 
[11Apr2025 07:06:48.244] [main/WARN] [net.minecraftforge.common.ForgeConfigSpec/CORE]: Incorrect key Mobs.Myrmex.Spawn Myrmex was corrected from null to its default, true. 
[11Apr2025 07:06:48.244] [main/WARN] [net.minecraftforge.common.ForgeConfigSpec/CORE]: Incorrect key Mobs.Myrmex.Myrmex Gestation Length was corrected from null to its default, 2500. 
[11Apr2025 07:06:48.244] [main/WARN] [net.minecraftforge.common.ForgeConfigSpec/CORE]: Incorrect key Mobs.Myrmex.Myrmex Hatch Length was corrected from null to its default, 35000. 
[11Apr2025 07:06:48.245] [main/WARN] [net.minecraftforge.common.ForgeConfigSpec/CORE]: Incorrect key Mobs.Myrmex.Myrmex Colony Gen Chance was corrected from null to its default, 150. 
[11Apr2025 07:06:48.245] [main/WARN] [net.minecraftforge.common.ForgeConfigSpec/CORE]: Incorrect key Mobs.Myrmex.Myrmex Colony Max Size was corrected from null to its default, 80. 
[11Apr2025 07:06:48.245] [main/WARN] [net.minecraftforge.common.ForgeConfigSpec/CORE]: Incorrect key Mobs.Myrmex.Myrmex Base Attack Strength was corrected from null to its default, 3.0. 
[11Apr2025 07:06:48.245] [main/WARN] [net.minecraftforge.common.ForgeConfigSpec/CORE]: Incorrect key Mobs.Myrmex.Myrmex Maximum Wander Radius was corrected from null to its default, 50. 
[11Apr2025 07:06:48.245] [main/WARN] [net.minecraftforge.common.ForgeConfigSpec/CORE]: Incorrect key Mobs.Myrmex.Myrmex Hive Ignore Daytime was corrected from null to its default, false. 
[11Apr2025 07:06:48.246] [main/WARN] [net.minecraftforge.common.ForgeConfigSpec/CORE]: Incorrect key Mobs.Amphitheres was corrected from null to its default, SimpleCommentedConfig:{}. 
[11Apr2025 07:06:48.246] [main/WARN] [net.minecraftforge.common.ForgeConfigSpec/CORE]: Incorrect key Mobs.Amphitheres.Spawn Amphitheres was corrected from null to its default, true. 
[11Apr2025 07:06:48.246] [main/WARN] [net.minecraftforge.common.ForgeConfigSpec/CORE]: Incorrect key Mobs.Amphitheres.Amphithere Spawn Weight was corrected from null to its default, 50. 
[11Apr2025 07:06:48.246] [main/WARN] [net.minecraftforge.common.ForgeConfigSpec/CORE]: Incorrect key Mobs.Amphitheres.Amphithere Villager Search Length was corrected from null to its default, 64. 
[11Apr2025 07:06:48.246] [main/WARN] [net.minecraftforge.common.ForgeConfigSpec/CORE]: Incorrect key Mobs.Amphitheres.Amphithere Tame Time was corrected from null to its default, 400. 
[11Apr2025 07:06:48.246] [main/WARN] [net.minecraftforge.common.ForgeConfigSpec/CORE]: Incorrect key Mobs.Amphitheres.Amphithere Flight Speed was corrected from null to its default, 1.75. 
[11Apr2025 07:06:48.247] [main/WARN] [net.minecraftforge.common.ForgeConfigSpec/CORE]: Incorrect key Mobs.Amphitheres.Amphithere Max Health was corrected from null to its default, 50.0. 
[11Apr2025 07:06:48.247] [main/WARN] [net.minecraftforge.common.ForgeConfigSpec/CORE]: Incorrect key Mobs.Amphitheres.Amphithere Attack Strength was corrected from null to its default, 7.0. 
[11Apr2025 07:06:48.247] [main/WARN] [net.minecraftforge.common.ForgeConfigSpec/CORE]: Incorrect key Mobs.SeaSerpents was corrected from null to its default, SimpleCommentedConfig:{}. 
[11Apr2025 07:06:48.247] [main/WARN] [net.minecraftforge.common.ForgeConfigSpec/CORE]: Incorrect key Mobs.SeaSerpents.Spawn Sea Serpents was corrected from null to its default, true. 
[11Apr2025 07:06:48.248] [main/WARN] [net.minecraftforge.common.ForgeConfigSpec/CORE]: Incorrect key Mobs.SeaSerpents.Spawn Sea Serpent Chance was corrected from null to its default, 250. 
[11Apr2025 07:06:48.248] [main/WARN] [net.minecraftforge.common.ForgeConfigSpec/CORE]: Incorrect key Mobs.SeaSerpents.Sea Serpent Griefing was corrected from null to its default, true. 
[11Apr2025 07:06:48.248] [main/WARN] [net.minecraftforge.common.ForgeConfigSpec/CORE]: Incorrect key Mobs.SeaSerpents.Sea Serpent Base Health was corrected from null to its default, 20.0. 
[11Apr2025 07:06:48.248] [main/WARN] [net.minecraftforge.common.ForgeConfigSpec/CORE]: Incorrect key Mobs.SeaSerpents.Sea Serpent Base Attack Strength was corrected from null to its default, 4.0. 
[11Apr2025 07:06:48.248] [main/WARN] [net.minecraftforge.common.ForgeConfigSpec/CORE]: Incorrect key Mobs.Hippocampus was corrected from null to its default, SimpleCommentedConfig:{}. 
[11Apr2025 07:06:48.249] [main/WARN] [net.minecraftforge.common.ForgeConfigSpec/CORE]: Incorrect key Mobs.Hippocampus.Spawn Hippocampus was corrected from null to its default, true. 
[11Apr2025 07:06:48.249] [main/WARN] [net.minecraftforge.common.ForgeConfigSpec/CORE]: Incorrect key Mobs.Hippocampus.Spawn Hippocampus Chance was corrected from null to its default, 40. 
[11Apr2025 07:06:48.249] [main/WARN] [net.minecraftforge.common.ForgeConfigSpec/CORE]: Incorrect key Mobs.Hippocampus.Hippocampus Swim Speed Modifier was corrected from null to its default, 1.0. 
[11Apr2025 07:06:48.249] [main/WARN] [net.minecraftforge.common.ForgeConfigSpec/CORE]: Incorrect key Mobs.Hippogryph was corrected from null to its default, SimpleCommentedConfig:{}. 
[11Apr2025 07:06:48.249] [main/WARN] [net.minecraftforge.common.ForgeConfigSpec/CORE]: Incorrect key Mobs.Hippogryph.Spawn Hippogryphs was corrected from null to its default, true. 
[11Apr2025 07:06:48.250] [main/WARN] [net.minecraftforge.common.ForgeConfigSpec/CORE]: Incorrect key Mobs.Hippogryph.Hippogryph Spawn Weight was corrected from null to its default, 2. 
[11Apr2025 07:06:48.250] [main/WARN] [net.minecraftforge.common.ForgeConfigSpec/CORE]: Incorrect key Mobs.Hippogryph.Hippogryph Flight Speed Modifier was corrected from null to its default, 1.0. 
[11Apr2025 07:06:48.250] [main/WARN] [net.minecraftforge.common.ForgeConfigSpec/CORE]: Incorrect key Mobs.Gorgons was corrected from null to its default, SimpleCommentedConfig:{}. 
[11Apr2025 07:06:48.250] [main/WARN] [net.minecraftforge.common.ForgeConfigSpec/CORE]: Incorrect key Mobs.Gorgons.Spawn Gorgons was corrected from null to its default, true. 
[11Apr2025 07:06:48.250] [main/WARN] [net.minecraftforge.common.ForgeConfigSpec/CORE]: Incorrect key Mobs.Gorgons.Spawn Gorgon Chance was corrected from null to its default, 75. 
[11Apr2025 07:06:48.251] [main/WARN] [net.minecraftforge.common.ForgeConfigSpec/CORE]: Incorrect key Mobs.Gorgons.Gorgon Max Health was corrected from null to its default, 100.0. 
[11Apr2025 07:06:48.251] [main/WARN] [net.minecraftforge.common.ForgeConfigSpec/CORE]: Incorrect key Mobs.Others was corrected from null to its default, SimpleCommentedConfig:{}. 
[11Apr2025 07:06:48.251] [main/WARN] [net.minecraftforge.common.ForgeConfigSpec/CORE]: Incorrect key Mobs.Others.Spawn Liches was corrected from null to its default, true. 
[11Apr2025 07:06:48.251] [main/WARN] [net.minecraftforge.common.ForgeConfigSpec/CORE]: Incorrect key Mobs.Others.Lich Spawn Weight was corrected from null to its default, 2. 
[11Apr2025 07:06:48.252] [main/WARN] [net.minecraftforge.common.ForgeConfigSpec/CORE]: Incorrect key Mobs.Others.Lich Spawn Chance was corrected from null to its default, 30. 
[11Apr2025 07:06:48.252] [main/WARN] [net.minecraftforge.common.ForgeConfigSpec/CORE]: Incorrect key Mobs.Others.Hydra Max Health was corrected from null to its default, 250.0. 
[11Apr2025 07:06:48.252] [main/WARN] [net.minecraftforge.common.ForgeConfigSpec/CORE]: Incorrect key Mobs.Others.Generate Hydra Caves was corrected from null to its default, true. 
[11Apr2025 07:06:48.252] [main/WARN] [net.minecraftforge.common.ForgeConfigSpec/CORE]: Incorrect key Mobs.Others.Hydra Caves Gen Chance was corrected from null to its default, 60. 
[11Apr2025 07:06:48.253] [main/WARN] [net.minecraftforge.common.ForgeConfigSpec/CORE]: Incorrect key Mobs.Others.Ghost Max Health was corrected from null to its default, 30.0. 
[11Apr2025 07:06:48.253] [main/WARN] [net.minecraftforge.common.ForgeConfigSpec/CORE]: Incorrect key Mobs.Others.Ghost Attack Strength was corrected from null to its default, 3.0. 
[11Apr2025 07:06:48.253] [main/WARN] [net.minecraftforge.common.ForgeConfigSpec/CORE]: Incorrect key Mobs.Others.Ghost Spawn from PvP deaths was corrected from null to its default, true. 
[11Apr2025 07:06:48.253] [main/WARN] [net.minecraftforge.common.ForgeConfigSpec/CORE]: Incorrect key Mobs.Others.Villager Scribe House Weight was corrected from null to its default, 5. 
[11Apr2025 07:06:48.253] [main/WARN] [net.minecraftforge.common.ForgeConfigSpec/CORE]: Incorrect key Mobs.Others.Allow Attribute Overriding was corrected from null to its default, true. 
[11Apr2025 07:06:48.255] [main/WARN] [net.minecraftforge.common.ForgeConfigSpec/CORE]: Incorrect key Items was corrected from null to its default, SimpleCommentedConfig:{}. 
[11Apr2025 07:06:48.255] [main/WARN] [net.minecraftforge.common.ForgeConfigSpec/CORE]: Incorrect key Items.Dragonsteel Sword Base Attack Strength was corrected from null to its default, 25.0. 
[11Apr2025 07:06:48.255] [main/WARN] [net.minecraftforge.common.ForgeConfigSpec/CORE]: Incorrect key Items.Dragonsteel Base Armor was corrected from null to its default, 12. 
[11Apr2025 07:06:48.256] [main/WARN] [net.minecraftforge.common.ForgeConfigSpec/CORE]: Incorrect key Items.Dragonsteel Base Durability was corrected from null to its default, 8000. 
[11Apr2025 07:06:48.256] [main/WARN] [net.minecraftforge.common.ForgeConfigSpec/CORE]: Incorrect key Items.Dragonsteel Base Durability Equipment was corrected from null to its default, 8000. 
[11Apr2025 07:06:48.256] [main/WARN] [net.minecraftforge.common.ForgeConfigSpec/CORE]: Incorrect key Items.Weezer was corrected from null to its default, true. 
[11Apr2025 07:06:48.256] [main/WARN] [net.minecraftforge.common.ForgeConfigSpec/CORE]: Incorrect key Items.Easter Egg Tinkers Tool Disarm chance was corrected from null to its default, 0.20000000298023224. 
[11Apr2025 07:06:48.256] [main/WARN] [net.minecraftforge.common.ForgeConfigSpec/CORE]: Incorrect key Items.Chunk Load Summon Crystal was corrected from null to its default, true. 
[11Apr2025 07:06:48.256] [main/WARN] [net.minecraftforge.common.ForgeConfigSpec/CORE]: Incorrect key Items.Dragon Bone Fire Abilities was corrected from null to its default, true. 
[11Apr2025 07:06:48.257] [main/WARN] [net.minecraftforge.common.ForgeConfigSpec/CORE]: Incorrect key Items.Dragon Bone Ice Abilities was corrected from null to its default, true. 
[11Apr2025 07:06:48.257] [main/WARN] [net.minecraftforge.common.ForgeConfigSpec/CORE]: Incorrect key Items.Dragon Bone Lightning Abilities was corrected from null to its default, true. 
[11Apr2025 07:06:48.258] [main/WARN] [net.minecraftforge.common.ForgeConfigSpec/CORE]: Incorrect key Pathfinding was corrected from null to its default, SimpleCommentedConfig:{}. 
[11Apr2025 07:06:48.259] [main/WARN] [net.minecraftforge.common.ForgeConfigSpec/CORE]: Incorrect key Pathfinding.Dragon Pathfinding Threads was corrected from null to its default, 3. 
[11Apr2025 07:06:48.259] [main/WARN] [net.minecraftforge.common.ForgeConfigSpec/CORE]: Incorrect key Pathfinding.Dragon Max Pathfinding Nodes was corrected from null to its default, 5000. 
[11Apr2025 07:06:48.259] [main/WARN] [net.minecraftforge.common.ForgeConfigSpec/CORE]: Incorrect key Pathfinding.Debug Pathfinding Mode was corrected from null to its default, false. 
[11Apr2025 07:06:48.315] [main/WARN] [net.minecraftforge.common.ForgeConfigSpec/CORE]: Configuration file /workspaces/MinecraftServer2.0/servidor_minecraft/config/forge-common.toml is not correct. Correcting
[11Apr2025 07:06:48.316] [main/WARN] [net.minecraftforge.common.ForgeConfigSpec/CORE]: Incorrect key general was corrected from null to its default, SimpleCommentedConfig:{}. 
[11Apr2025 07:06:48.316] [main/WARN] [net.minecraftforge.common.ForgeConfigSpec/CORE]: Incorrect key general.defaultWorldType was corrected from null to its default, default. 
[11Apr2025 07:06:48.320] [main/WARN] [net.minecraftforge.common.ForgeConfigSpec/CORE]: Configuration file /workspaces/MinecraftServer2.0/servidor_minecraft/config/supplementaries-common.toml is not correct. Correcting
[11Apr2025 07:06:48.320] [main/WARN] [net.minecraftforge.common.ForgeConfigSpec/CORE]: Incorrect key blocks was corrected from null to its default, SimpleCommentedConfig:{}. 
[11Apr2025 07:06:48.321] [main/WARN] [net.minecraftforge.common.ForgeConfigSpec/CORE]: Incorrect key blocks.bamboo_spikes was corrected from null to its default, SimpleCommentedConfig:{}. 
[11Apr2025 07:06:48.321] [main/WARN] [net.minecraftforge.common.ForgeConfigSpec/CORE]: Incorrect key blocks.bamboo_spikes.alternative_mode was corrected from null to its default, true. 
[11Apr2025 07:06:48.321] [main/WARN] [net.minecraftforge.common.ForgeConfigSpec/CORE]: Incorrect key blocks.bubble_block was corrected from null to its default, SimpleCommentedConfig:{}. 
[11Apr2025 07:06:48.325] [main/WARN] [net.minecraftforge.common.ForgeConfigSpec/CORE]: Incorrect key blocks.bubble_block.lifetime was corrected from null to its default, 1200. 
[11Apr2025 07:06:48.325] [main/WARN] [net.minecraftforge.common.ForgeConfigSpec/CORE]: Incorrect key blocks.bubble_block.break_when_touched was corrected from null to its default, true. 
[11Apr2025 07:06:48.325] [main/WARN] [net.minecraftforge.common.ForgeConfigSpec/CORE]: Incorrect key blocks.ash was corrected from null to its default, SimpleCommentedConfig:{}. 
[11Apr2025 07:06:48.325] [main/WARN] [net.minecraftforge.common.ForgeConfigSpec/CORE]: Incorrect key blocks.ash.ash_from_fire was corrected from null to its default, true. 
[11Apr2025 07:06:48.326] [main/WARN] [net.minecraftforge.common.ForgeConfigSpec/CORE]: Incorrect key blocks.ash.rain_wash_ash was corrected from null to its default, true. 
[11Apr2025 07:06:48.326] [main/WARN] [net.minecraftforge.common.ForgeConfigSpec/CORE]: Incorrect key blocks.rope was corrected from null to its default, SimpleCommentedConfig:{}. 
[11Apr2025 07:06:48.326] [main/WARN] [net.minecraftforge.common.ForgeConfigSpec/CORE]: Incorrect key blocks.rope.block_side_attachment was corrected from null to its default, true. 
[11Apr2025 07:06:48.326] [main/WARN] [net.minecraftforge.common.ForgeConfigSpec/CORE]: Incorrect key blocks.rope.slide_on_fall was corrected from null to its default, true. 
[11Apr2025 07:06:48.327] [main/WARN] [net.minecraftforge.common.ForgeConfigSpec/CORE]: Incorrect key blocks.pedestal was corrected from null to its default, SimpleCommentedConfig:{}. 
[11Apr2025 07:06:48.327] [main/WARN] [net.minecraftforge.common.ForgeConfigSpec/CORE]: Incorrect key blocks.pedestal.crystal_enchanting was corrected from null to its default, true. 
[11Apr2025 07:06:48.327] [main/WARN] [net.minecraftforge.common.ForgeConfigSpec/CORE]: Incorrect key blocks.globe was corrected from null to its default, SimpleCommentedConfig:{}. 
[11Apr2025 07:06:48.327] [main/WARN] [net.minecraftforge.common.ForgeConfigSpec/CORE]: Incorrect key blocks.globe.chance was corrected from null to its default, 2. 
[11Apr2025 07:06:48.327] [main/WARN] [net.minecraftforge.common.ForgeConfigSpec/CORE]: Incorrect key blocks.speaker_block was corrected from null to its default, SimpleCommentedConfig:{}. 
[11Apr2025 07:06:48.327] [main/WARN] [net.minecraftforge.common.ForgeConfigSpec/CORE]: Incorrect key blocks.speaker_block.narrator_enabled was corrected from null to its default, true. 
[11Apr2025 07:06:48.328] [main/WARN] [net.minecraftforge.common.ForgeConfigSpec/CORE]: Incorrect key blocks.speaker_block.range was corrected from null to its default, 64. 
[11Apr2025 07:06:48.328] [main/WARN] [net.minecraftforge.common.ForgeConfigSpec/CORE]: Incorrect key blocks.bellows was corrected from null to its default, SimpleCommentedConfig:{}. 
[11Apr2025 07:06:48.328] [main/WARN] [net.minecraftforge.common.ForgeConfigSpec/CORE]: Incorrect key blocks.bellows.base_period was corrected from null to its default, 78. 
[11Apr2025 07:06:48.331] [main/WARN] [net.minecraftforge.common.ForgeConfigSpec/CORE]: Incorrect key blocks.bellows.power_scaling was corrected from null to its default, 2.0. 
[11Apr2025 07:06:48.331] [main/WARN] [net.minecraftforge.common.ForgeConfigSpec/CORE]: Incorrect key blocks.bellows.base_velocity_scaling was corrected from null to its default, 5.0. 
[11Apr2025 07:06:48.331] [main/WARN] [net.minecraftforge.common.ForgeConfigSpec/CORE]: Incorrect key blocks.bellows.velocity_changed_flag was corrected from null to its default, true. 
[11Apr2025 07:06:48.332] [main/WARN] [net.minecraftforge.common.ForgeConfigSpec/CORE]: Incorrect key blocks.bellows.range was corrected from null to its default, 5. 
[11Apr2025 07:06:48.332] [main/WARN] [net.minecraftforge.common.ForgeConfigSpec/CORE]: Incorrect key blocks.spring_launcher was corrected from null to its default, SimpleCommentedConfig:{}. 
[11Apr2025 07:06:48.332] [main/WARN] [net.minecraftforge.common.ForgeConfigSpec/CORE]: Incorrect key blocks.spring_launcher.velocity was corrected from null to its default, 1.5. 
[11Apr2025 07:06:48.332] [main/WARN] [net.minecraftforge.common.ForgeConfigSpec/CORE]: Incorrect key blocks.spring_launcher.fall_height_required was corrected from null to its default, 5. 
[11Apr2025 07:06:48.333] [main/WARN] [net.minecraftforge.common.ForgeConfigSpec/CORE]: Incorrect key blocks.turn_table was corrected from null to its default, SimpleCommentedConfig:{}. 
[11Apr2025 07:06:48.333] [main/WARN] [net.minecraftforge.common.ForgeConfigSpec/CORE]: Incorrect key blocks.turn_table.rotate_entities was corrected from null to its default, true. 
[11Apr2025 07:06:48.333] [main/WARN] [net.minecraftforge.common.ForgeConfigSpec/CORE]: Incorrect key blocks.jar was corrected from null to its default, SimpleCommentedConfig:{}. 
[11Apr2025 07:06:48.333] [main/WARN] [net.minecraftforge.common.ForgeConfigSpec/CORE]: Incorrect key blocks.jar.capacity was corrected from null to its default, 12. 
[11Apr2025 07:06:48.333] [main/WARN] [net.minecraftforge.common.ForgeConfigSpec/CORE]: Incorrect key blocks.jar.drink_from_jar was corrected from null to its default, false. 
[11Apr2025 07:06:48.334] [main/WARN] [net.minecraftforge.common.ForgeConfigSpec/CORE]: Incorrect key blocks.jar.drink_from_jar_item was corrected from null to its default, false. 
[11Apr2025 07:06:48.334] [main/WARN] [net.minecraftforge.common.ForgeConfigSpec/CORE]: Incorrect key blocks.jar.jar_auto_detect was corrected from null to its default, false. 
[11Apr2025 07:06:48.336] [main/WARN] [net.minecraftforge.common.ForgeConfigSpec/CORE]: Incorrect key blocks.jar.jar_capture was corrected from null to its default, true. 
[11Apr2025 07:06:48.336] [main/WARN] [net.minecraftforge.common.ForgeConfigSpec/CORE]: Incorrect key blocks.jar.jar_cookies was corrected from null to its default, true. 
[11Apr2025 07:06:48.336] [main/WARN] [net.minecraftforge.common.ForgeConfigSpec/CORE]: Incorrect key blocks.jar.jar_liquids was corrected from null to its default, true. 
[11Apr2025 07:06:48.336] [main/WARN] [net.minecraftforge.common.ForgeConfigSpec/CORE]: Incorrect key blocks.cage was corrected from null to its default, SimpleCommentedConfig:{}. 
[11Apr2025 07:06:48.337] [main/WARN] [net.minecraftforge.common.ForgeConfigSpec/CORE]: Incorrect key blocks.cage.allow_all_mobs was corrected from null to its default, false. 
[11Apr2025 07:06:48.337] [main/WARN] [net.minecraftforge.common.ForgeConfigSpec/CORE]: Incorrect key blocks.cage.cage_allow_all_babies was corrected from null to its default, false. 
[11Apr2025 07:06:48.337] [main/WARN] [net.minecraftforge.common.ForgeConfigSpec/CORE]: Incorrect key blocks.cage.cage_auto_detect was corrected from null to its default, false. 
[11Apr2025 07:06:48.338] [main/WARN] [net.minecraftforge.common.ForgeConfigSpec/CORE]: Incorrect key blocks.cage.persistent_mobs was corrected from null to its default, false. 
[11Apr2025 07:06:48.338] [main/WARN] [net.minecraftforge.common.ForgeConfigSpec/CORE]: Incorrect key blocks.cage.health_threshold was corrected from null to its default, 100. 
[11Apr2025 07:06:48.338] [main/WARN] [net.minecraftforge.common.ForgeConfigSpec/CORE]: Incorrect key blocks.goblet was corrected from null to its default, SimpleCommentedConfig:{}. 
[11Apr2025 07:06:48.339] [main/WARN] [net.minecraftforge.common.ForgeConfigSpec/CORE]: Incorrect key blocks.goblet.allow_drinking was corrected from null to its default, true. 
[11Apr2025 07:06:48.339] [main/WARN] [net.minecraftforge.common.ForgeConfigSpec/CORE]: Incorrect key blocks.notice_board was corrected from null to its default, SimpleCommentedConfig:{}. 
[11Apr2025 07:06:48.339] [main/WARN] [net.minecraftforge.common.ForgeConfigSpec/CORE]: Incorrect key blocks.notice_board.allow_any_item was corrected from null to its default, false. 
[11Apr2025 07:06:48.342] [main/WARN] [net.minecraftforge.common.ForgeConfigSpec/CORE]: Incorrect key blocks.sack was corrected from null to its default, SimpleCommentedConfig:{}. 
[11Apr2025 07:06:48.343] [main/WARN] [net.minecraftforge.common.ForgeConfigSpec/CORE]: Incorrect key blocks.sack.sack_penalty was corrected from null to its default, true. 
[11Apr2025 07:06:48.343] [main/WARN] [net.minecraftforge.common.ForgeConfigSpec/CORE]: Incorrect key blocks.sack.sack_increment was corrected from null to its default, 2. 
[11Apr2025 07:06:48.343] [main/WARN] [net.minecraftforge.common.ForgeConfigSpec/CORE]: Incorrect key blocks.sack.slots was corrected from null to its default, 9. 
[11Apr2025 07:06:48.343] [main/WARN] [net.minecraftforge.common.ForgeConfigSpec/CORE]: Incorrect key blocks.safe was corrected from null to its default, SimpleCommentedConfig:{}. 
[11Apr2025 07:06:48.344] [main/WARN] [net.minecraftforge.common.ForgeConfigSpec/CORE]: Incorrect key blocks.safe.prevent_breaking was corrected from null to its default, false. 
[11Apr2025 07:06:48.344] [main/WARN] [net.minecraftforge.common.ForgeConfigSpec/CORE]: Incorrect key blocks.safe.simple_safes was corrected from null to its default, false. 
[11Apr2025 07:06:48.344] [main/WARN] [net.minecraftforge.common.ForgeConfigSpec/CORE]: Incorrect key blocks.blackboard was corrected from null to its default, SimpleCommentedConfig:{}. 
[11Apr2025 07:06:48.344] [main/WARN] [net.minecraftforge.common.ForgeConfigSpec/CORE]: Incorrect key blocks.blackboard.colored_blackboard was corrected from null to its default, false. 
[11Apr2025 07:06:48.344] [main/WARN] [net.minecraftforge.common.ForgeConfigSpec/CORE]: Incorrect key blocks.timber_frame was corrected from null to its default, SimpleCommentedConfig:{}. 
[11Apr2025 07:06:48.344] [main/WARN] [net.minecraftforge.common.ForgeConfigSpec/CORE]: Incorrect key blocks.timber_frame.replace_daub was corrected from null to its default, true. 
[11Apr2025 07:06:48.345] [main/WARN] [net.minecraftforge.common.ForgeConfigSpec/CORE]: Incorrect key blocks.timber_frame.swap_on_shift was corrected from null to its default, false. 
[11Apr2025 07:06:48.345] [main/WARN] [net.minecraftforge.common.ForgeConfigSpec/CORE]: Incorrect key blocks.hourglass was corrected from null to its default, SimpleCommentedConfig:{}. 
[11Apr2025 07:06:48.345] [main/WARN] [net.minecraftforge.common.ForgeConfigSpec/CORE]: Incorrect key blocks.hourglass.sugar_time was corrected from null to its default, 40. 
[11Apr2025 07:06:48.345] [main/WARN] [net.minecraftforge.common.ForgeConfigSpec/CORE]: Incorrect key blocks.hourglass.sand_time was corrected from null to its default, 70. 
[11Apr2025 07:06:48.345] [main/WARN] [net.minecraftforge.common.ForgeConfigSpec/CORE]: Incorrect key blocks.hourglass.concrete_time was corrected from null to its default, 105. 
[11Apr2025 07:06:48.346] [main/WARN] [net.minecraftforge.common.ForgeConfigSpec/CORE]: Incorrect key blocks.hourglass.dust_time was corrected from null to its default, 150. 
[11Apr2025 07:06:48.346] [main/WARN] [net.minecraftforge.common.ForgeConfigSpec/CORE]: Incorrect key blocks.hourglass.glowstone_time was corrected from null to its default, 190. 
[11Apr2025 07:06:48.346] [main/WARN] [net.minecraftforge.common.ForgeConfigSpec/CORE]: Incorrect key blocks.hourglass.blaze_powder_time was corrected from null to its default, 277. 
[11Apr2025 07:06:48.349] [main/WARN] [net.minecraftforge.common.ForgeConfigSpec/CORE]: Incorrect key blocks.hourglass.redstone_time was corrected from null to its default, 400. 
[11Apr2025 07:06:48.349] [main/WARN] [net.minecraftforge.common.ForgeConfigSpec/CORE]: Incorrect key blocks.hourglass.slime_time was corrected from null to its default, 1750. 
[11Apr2025 07:06:48.349] [main/WARN] [net.minecraftforge.common.ForgeConfigSpec/CORE]: Incorrect key blocks.hourglass.honey_time was corrected from null to its default, 2000. 
[11Apr2025 07:06:48.349] [main/WARN] [net.minecraftforge.common.ForgeConfigSpec/CORE]: Incorrect key blocks.item_shelf was corrected from null to its default, SimpleCommentedConfig:{}. 
[11Apr2025 07:06:48.349] [main/WARN] [net.minecraftforge.common.ForgeConfigSpec/CORE]: Incorrect key blocks.item_shelf.climbable_shelves was corrected from null to its default, false. 
[11Apr2025 07:06:48.350] [main/WARN] [net.minecraftforge.common.ForgeConfigSpec/CORE]: Incorrect key blocks.iron_gate was corrected from null to its default, SimpleCommentedConfig:{}. 
[11Apr2025 07:06:48.350] [main/WARN] [net.minecraftforge.common.ForgeConfigSpec/CORE]: Incorrect key blocks.iron_gate.double_opening was corrected from null to its default, true. 
[11Apr2025 07:06:48.350] [main/WARN] [net.minecraftforge.common.ForgeConfigSpec/CORE]: Incorrect key blocks.iron_gate.door-like_gates was corrected from null to its default, false. 
[11Apr2025 07:06:48.350] [main/WARN] [net.minecraftforge.common.ForgeConfigSpec/CORE]: Incorrect key blocks.flag was corrected from null to its default, SimpleCommentedConfig:{}. 
[11Apr2025 07:06:48.351] [main/WARN] [net.minecraftforge.common.ForgeConfigSpec/CORE]: Incorrect key blocks.flag.stick_pole was corrected from null to its default, true. 
[11Apr2025 07:06:48.351] [main/WARN] [net.minecraftforge.common.ForgeConfigSpec/CORE]: Incorrect key blocks.flag.pole_length was corrected from null to its default, 16. 
[11Apr2025 07:06:48.356] [main/WARN] [net.minecraftforge.common.ForgeConfigSpec/CORE]: Incorrect key spawns was corrected from null to its default, SimpleCommentedConfig:{}. 
[11Apr2025 07:06:48.356] [main/WARN] [net.minecraftforge.common.ForgeConfigSpec/CORE]: Incorrect key spawns.entities was corrected from null to its default, SimpleCommentedConfig:{}. 
[11Apr2025 07:06:48.356] [main/WARN] [net.minecraftforge.common.ForgeConfigSpec/CORE]: Incorrect key spawns.entities.firefly was corrected from null to its default, SimpleCommentedConfig:{}. 
[11Apr2025 07:06:48.356] [main/WARN] [net.minecraftforge.common.ForgeConfigSpec/CORE]: Incorrect key spawns.entities.firefly.biomes was corrected from null to its default, [minecraft:swamp, minecraft:swamp_hills, minecraft:plains, minecraft:sunflower_plains, minecraft:dark_forest, minecraft:dark_forest_hills, byg:bayou, byg:cypress_swamplands, byg:glowshroom_bayou, byg:mangrove_marshes, byg:vibrant_swamplands, byg:fresh_water_lake, byg:grassland_plateau, byg:wooded_grassland_plateau, byg:flowering_grove, byg:guiana_shield, byg:guiana_clearing, byg:meadow, byg:orchard, byg:seasonal_birch_forest, byg:seasonal_deciduous_forest, byg:seasonal_forest, biomesoplenty:flower_meadow, biomesoplenty:fir_clearing, biomesoplenty:grove_lakes, biomesoplenty:grove, biomesoplenty:highland_moor, biomesoplenty:wetland_marsh, biomesoplenty:deep_bayou, biomesoplenty:wetland]. 
[11Apr2025 07:06:48.356] [main/WARN] [net.minecraftforge.common.ForgeConfigSpec/CORE]: Incorrect key spawns.entities.firefly.mod_whitelist was corrected from null to its default, []. 
[11Apr2025 07:06:48.357] [main/WARN] [net.minecraftforge.common.ForgeConfigSpec/CORE]: Incorrect key spawns.entities.firefly.weight was corrected from null to its default, 3. 
[11Apr2025 07:06:48.357] [main/WARN] [net.minecraftforge.common.ForgeConfigSpec/CORE]: Incorrect key spawns.entities.firefly.min was corrected from null to its default, 5. 
[11Apr2025 07:06:48.357] [main/WARN] [net.minecraftforge.common.ForgeConfigSpec/CORE]: Incorrect key spawns.entities.firefly.max was corrected from null to its default, 9. 
[11Apr2025 07:06:48.357] [main/WARN] [net.minecraftforge.common.ForgeConfigSpec/CORE]: Incorrect key spawns.structures was corrected from null to its default, SimpleCommentedConfig:{}. 
[11Apr2025 07:06:48.357] [main/WARN] [net.minecraftforge.common.ForgeConfigSpec/CORE]: Incorrect key spawns.structures.way_sign was corrected from null to its default, SimpleCommentedConfig:{}. 
[11Apr2025 07:06:48.358] [main/WARN] [net.minecraftforge.common.ForgeConfigSpec/CORE]: Incorrect key spawns.structures.way_sign.average_distance was corrected from null to its default, 19. 
[11Apr2025 07:06:48.358] [main/WARN] [net.minecraftforge.common.ForgeConfigSpec/CORE]: Incorrect key spawns.structures.way_sign.minimum_distance was corrected from null to its default, 10. 
[11Apr2025 07:06:48.358] [main/WARN] [net.minecraftforge.common.ForgeConfigSpec/CORE]: Incorrect key spawns.structures.way_sign.enabled was corrected from null to its default, true. 
[11Apr2025 07:06:48.359] [main/WARN] [net.minecraftforge.common.ForgeConfigSpec/CORE]: Incorrect key spawns.structures.way_sign.show_distance_text was corrected from null to its default, true. 
[11Apr2025 07:06:48.360] [main/WARN] [net.minecraftforge.common.ForgeConfigSpec/CORE]: Incorrect key spawns.structures.wild_flax was corrected from null to its default, SimpleCommentedConfig:{}. 
[11Apr2025 07:06:48.360] [main/WARN] [net.minecraftforge.common.ForgeConfigSpec/CORE]: Incorrect key spawns.structures.wild_flax.enabled was corrected from null to its default, true. 
[11Apr2025 07:06:48.360] [main/WARN] [net.minecraftforge.common.ForgeConfigSpec/CORE]: Incorrect key spawns.structures.wild_flax.rarity was corrected from null to its default, 6. 
[11Apr2025 07:06:48.360] [main/WARN] [net.minecraftforge.common.ForgeConfigSpec/CORE]: Incorrect key spawns.structures.wild_flax.attempts_per_patch was corrected from null to its default, 35. 
[11Apr2025 07:06:48.360] [main/WARN] [net.minecraftforge.common.ForgeConfigSpec/CORE]: Incorrect key spawns.structures.cave_urns was corrected from null to its default, SimpleCommentedConfig:{}. 
[11Apr2025 07:06:48.361] [main/WARN] [net.minecraftforge.common.ForgeConfigSpec/CORE]: Incorrect key spawns.structures.cave_urns.enabled was corrected from null to its default, true. 
[11Apr2025 07:06:48.361] [main/WARN] [net.minecraftforge.common.ForgeConfigSpec/CORE]: Incorrect key spawns.structures.cave_urns.attempts_per_patch was corrected from null to its default, 4. 
[11Apr2025 07:06:48.361] [main/WARN] [net.minecraftforge.common.ForgeConfigSpec/CORE]: Incorrect key spawns.structures.cave_urns.spawn_attempts was corrected from null to its default, 7. 
[11Apr2025 07:06:48.363] [main/WARN] [net.minecraftforge.common.ForgeConfigSpec/CORE]: Incorrect key spawns.structures.cave_urns.biome_blacklist was corrected from null to its default, [minecraft:lush_caves, minecraft:dripstone_caves]. 
[11Apr2025 07:06:48.367] [main/WARN] [net.minecraftforge.common.ForgeConfigSpec/CORE]: Incorrect key entities was corrected from null to its default, SimpleCommentedConfig:{}. 
[11Apr2025 07:06:48.367] [main/WARN] [net.minecraftforge.common.ForgeConfigSpec/CORE]: Incorrect key entities.firefly was corrected from null to its default, SimpleCommentedConfig:{}. 
[11Apr2025 07:06:48.367] [main/WARN] [net.minecraftforge.common.ForgeConfigSpec/CORE]: Incorrect key entities.firefly.period was corrected from null to its default, 65. 
[11Apr2025 07:06:48.368] [main/WARN] [net.minecraftforge.common.ForgeConfigSpec/CORE]: Incorrect key entities.firefly.speed was corrected from null to its default, 0.3. 
[11Apr2025 07:06:48.370] [main/WARN] [net.minecraftforge.common.ForgeConfigSpec/CORE]: Incorrect key entities.firefly.despawn was corrected from null to its default, true. 
[11Apr2025 07:06:48.378] [main/WARN] [net.minecraftforge.common.ForgeConfigSpec/CORE]: Incorrect key tweaks was corrected from null to its default, SimpleCommentedConfig:{}. 
[11Apr2025 07:06:48.378] [main/WARN] [net.minecraftforge.common.ForgeConfigSpec/CORE]: Incorrect key tweaks.dispenser_tweaks was corrected from null to its default, SimpleCommentedConfig:{}. 
[11Apr2025 07:06:48.378] [main/WARN] [net.minecraftforge.common.ForgeConfigSpec/CORE]: Incorrect key tweaks.dispenser_tweaks.axe_strip was corrected from null to its default, true. 
[11Apr2025 07:06:48.379] [main/WARN] [net.minecraftforge.common.ForgeConfigSpec/CORE]: Incorrect key tweaks.dispenser_tweaks.shoot_ender_pearls was corrected from null to its default, true. 
[11Apr2025 07:06:48.379] [main/WARN] [net.minecraftforge.common.ForgeConfigSpec/CORE]: Incorrect key tweaks.cake_tweaks was corrected from null to its default, SimpleCommentedConfig:{}. 
[11Apr2025 07:06:48.380] [main/WARN] [net.minecraftforge.common.ForgeConfigSpec/CORE]: Incorrect key tweaks.cake_tweaks.double_cake was corrected from null to its default, true. 
[11Apr2025 07:06:48.380] [main/WARN] [net.minecraftforge.common.ForgeConfigSpec/CORE]: Incorrect key tweaks.cake_tweaks.directional_cake was corrected from null to its default, true. 
[11Apr2025 07:06:48.381] [main/WARN] [net.minecraftforge.common.ForgeConfigSpec/CORE]: Incorrect key tweaks.mob_head_tweaks was corrected from null to its default, SimpleCommentedConfig:{}. 
[11Apr2025 07:06:48.381] [main/WARN] [net.minecraftforge.common.ForgeConfigSpec/CORE]: Incorrect key tweaks.mob_head_tweaks.skull_piles was corrected from null to its default, true. 
[11Apr2025 07:06:48.382] [main/WARN] [net.minecraftforge.common.ForgeConfigSpec/CORE]: Incorrect key tweaks.mob_head_tweaks.skull_candles was corrected from null to its default, true. 
[11Apr2025 07:06:48.382] [main/WARN] [net.minecraftforge.common.ForgeConfigSpec/CORE]: Incorrect key tweaks.mob_head_tweaks.multiple_candles was corrected from null to its default, true. 
[11Apr2025 07:06:48.382] [main/WARN] [net.minecraftforge.common.ForgeConfigSpec/CORE]: Incorrect key tweaks.hanging_flower_pots was corrected from null to its default, SimpleCommentedConfig:{}. 
[11Apr2025 07:06:48.382] [main/WARN] [net.minecraftforge.common.ForgeConfigSpec/CORE]: Incorrect key tweaks.hanging_flower_pots.enabled was corrected from null to its default, true. 
[11Apr2025 07:06:48.382] [main/WARN] [net.minecraftforge.common.ForgeConfigSpec/CORE]: Incorrect key tweaks.throwable_bricks was corrected from null to its default, SimpleCommentedConfig:{}. 
[11Apr2025 07:06:48.385] [main/WARN] [net.minecraftforge.common.ForgeConfigSpec/CORE]: Incorrect key tweaks.throwable_bricks.enabled was corrected from null to its default, true. 
[11Apr2025 07:06:48.387] [main/WARN] [net.minecraftforge.common.ForgeConfigSpec/CORE]: Incorrect key tweaks.lantern_tweaks was corrected from null to its default, SimpleCommentedConfig:{}. 
[11Apr2025 07:06:48.387] [main/WARN] [net.minecraftforge.common.ForgeConfigSpec/CORE]: Incorrect key tweaks.lantern_tweaks.enabled was corrected from null to its default, true. 
[11Apr2025 07:06:48.388] [main/WARN] [net.minecraftforge.common.ForgeConfigSpec/CORE]: Incorrect key tweaks.lantern_tweaks.high_priority was corrected from null to its default, true. 
[11Apr2025 07:06:48.389] [main/WARN] [net.minecraftforge.common.ForgeConfigSpec/CORE]: Incorrect key tweaks.lantern_tweaks.mod_blacklist was corrected from null to its default, [extlights, betterendforge, tconstruct, enigmaticlegacy]. 
[11Apr2025 07:06:48.389] [main/WARN] [net.minecraftforge.common.ForgeConfigSpec/CORE]: Incorrect key tweaks.lantern_tweaks.fallin_lanterns was corrected from null to its default, ON. 
[11Apr2025 07:06:48.389] [main/WARN] [net.minecraftforge.common.ForgeConfigSpec/CORE]: Incorrect key tweaks.bells_tweaks was corrected from null to its default, SimpleCommentedConfig:{}. 
[11Apr2025 07:06:48.389] [main/WARN] [net.minecraftforge.common.ForgeConfigSpec/CORE]: Incorrect key tweaks.bells_tweaks.chain_ringing was corrected from null to its default, true. 
[11Apr2025 07:06:48.389] [main/WARN] [net.minecraftforge.common.ForgeConfigSpec/CORE]: Incorrect key tweaks.bells_tweaks.chain_length was corrected from null to its default, 16. 
[11Apr2025 07:06:48.390] [main/WARN] [net.minecraftforge.common.ForgeConfigSpec/CORE]: Incorrect key tweaks.placeable_sticks was corrected from null to its default, SimpleCommentedConfig:{}. 
[11Apr2025 07:06:48.390] [main/WARN] [net.minecraftforge.common.ForgeConfigSpec/CORE]: Incorrect key tweaks.placeable_sticks.sticks was corrected from null to its default, true. 
[11Apr2025 07:06:48.390] [main/WARN] [net.minecraftforge.common.ForgeConfigSpec/CORE]: Incorrect key tweaks.placeable_sticks.blaze_rods was corrected from null to its default, true. 
[11Apr2025 07:06:48.390] [main/WARN] [net.minecraftforge.common.ForgeConfigSpec/CORE]: Incorrect key tweaks.placeable_gunpowder was corrected from null to its default, SimpleCommentedConfig:{}. 
[11Apr2025 07:06:48.390] [main/WARN] [net.minecraftforge.common.ForgeConfigSpec/CORE]: Incorrect key tweaks.placeable_gunpowder.enabled was corrected from null to its default, true. 
[11Apr2025 07:06:48.390] [main/WARN] [net.minecraftforge.common.ForgeConfigSpec/CORE]: Incorrect key tweaks.placeable_gunpowder.speed was corrected from null to its default, 2. 
[11Apr2025 07:06:48.392] [main/WARN] [net.minecraftforge.common.ForgeConfigSpec/CORE]: Incorrect key tweaks.placeable_gunpowder.spread_age was corrected from null to its default, 2. 
[11Apr2025 07:06:48.394] [main/WARN] [net.minecraftforge.common.ForgeConfigSpec/CORE]: Incorrect key tweaks.raked_gravel was corrected from null to its default, SimpleCommentedConfig:{}. 
[11Apr2025 07:06:48.394] [main/WARN] [net.minecraftforge.common.ForgeConfigSpec/CORE]: Incorrect key tweaks.raked_gravel.enabled was corrected from null to its default, true. 
[11Apr2025 07:06:48.394] [main/WARN] [net.minecraftforge.common.ForgeConfigSpec/CORE]: Incorrect key tweaks.bottle_xp was corrected from null to its default, SimpleCommentedConfig:{}. 
[11Apr2025 07:06:48.395] [main/WARN] [net.minecraftforge.common.ForgeConfigSpec/CORE]: Incorrect key tweaks.bottle_xp.enabled was corrected from null to its default, false. 
[11Apr2025 07:06:48.395] [main/WARN] [net.minecraftforge.common.ForgeConfigSpec/CORE]: Incorrect key tweaks.bottle_xp.cost was corrected from null to its default, 2. 
[11Apr2025 07:06:48.395] [main/WARN] [net.minecraftforge.common.ForgeConfigSpec/CORE]: Incorrect key tweaks.map_tweaks was corrected from null to its default, SimpleCommentedConfig:{}. 
[11Apr2025 07:06:48.395] [main/WARN] [net.minecraftforge.common.ForgeConfigSpec/CORE]: Incorrect key tweaks.map_tweaks.custom_adventurer_maps was corrected from null to its default, [[]]. 
[11Apr2025 07:06:48.395] [main/WARN] [net.minecraftforge.common.ForgeConfigSpec/CORE]: Incorrect key tweaks.map_tweaks.random_adventurer_maps was corrected from null to its default, true. 
[11Apr2025 07:06:48.395] [main/WARN] [net.minecraftforge.common.ForgeConfigSpec/CORE]: Incorrect key tweaks.map_tweaks.block_map_markers was corrected from null to its default, true. 
[11Apr2025 07:06:48.395] [main/WARN] [net.minecraftforge.common.ForgeConfigSpec/CORE]: Incorrect key tweaks.ceiling_banners was corrected from null to its default, SimpleCommentedConfig:{}. 
[11Apr2025 07:06:48.396] [main/WARN] [net.minecraftforge.common.ForgeConfigSpec/CORE]: Incorrect key tweaks.ceiling_banners.enabled was corrected from null to its default, true. 
[11Apr2025 07:06:48.396] [main/WARN] [net.minecraftforge.common.ForgeConfigSpec/CORE]: Incorrect key tweaks.placeable_books was corrected from null to its default, SimpleCommentedConfig:{}. 
[11Apr2025 07:06:48.396] [main/WARN] [net.minecraftforge.common.ForgeConfigSpec/CORE]: Incorrect key tweaks.placeable_books.enabled was corrected from null to its default, true. 
[11Apr2025 07:06:48.396] [main/WARN] [net.minecraftforge.common.ForgeConfigSpec/CORE]: Incorrect key tweaks.placeable_books.book_power was corrected from null to its default, 1.0. 
[11Apr2025 07:06:48.396] [main/WARN] [net.minecraftforge.common.ForgeConfigSpec/CORE]: Incorrect key tweaks.placeable_books.enchanted_book_power was corrected from null to its default, 1.334. 
[11Apr2025 07:06:48.398] [main/WARN] [net.minecraftforge.common.ForgeConfigSpec/CORE]: Incorrect key tweaks.placeable_books.mixed_books was corrected from null to its default, false. 
[11Apr2025 07:06:48.400] [main/WARN] [net.minecraftforge.common.ForgeConfigSpec/CORE]: Incorrect key tweaks.zombie_horse was corrected from null to its default, SimpleCommentedConfig:{}. 
[11Apr2025 07:06:48.401] [main/WARN] [net.minecraftforge.common.ForgeConfigSpec/CORE]: Incorrect key tweaks.zombie_horse.zombie_horse_conversion was corrected from null to its default, true. 
[11Apr2025 07:06:48.401] [main/WARN] [net.minecraftforge.common.ForgeConfigSpec/CORE]: Incorrect key tweaks.zombie_horse.rotten_flesh was corrected from null to its default, 64. 
[11Apr2025 07:06:48.402] [main/WARN] [net.minecraftforge.common.ForgeConfigSpec/CORE]: Incorrect key tweaks.zombie_horse.rideable_underwater was corrected from null to its default, true. 
[11Apr2025 07:06:48.411] [main/WARN] [net.minecraftforge.common.ForgeConfigSpec/CORE]: Incorrect key items was corrected from null to its default, SimpleCommentedConfig:{}. 
[11Apr2025 07:06:48.412] [main/WARN] [net.minecraftforge.common.ForgeConfigSpec/CORE]: Incorrect key items.quiver was corrected from null to its default, SimpleCommentedConfig:{}. 
[11Apr2025 07:06:48.415] [main/WARN] [net.minecraftforge.common.ForgeConfigSpec/CORE]: Incorrect key items.quiver.use_without_slow was corrected from null to its default, true. 
[11Apr2025 07:06:48.415] [main/WARN] [net.minecraftforge.common.ForgeConfigSpec/CORE]: Incorrect key items.quiver.slots was corrected from null to its default, 6. 
[11Apr2025 07:06:48.415] [main/WARN] [net.minecraftforge.common.ForgeConfigSpec/CORE]: Incorrect key items.quiver.quiver_skeleton_chance was corrected from null to its default, 0.2. 
[11Apr2025 07:06:48.415] [main/WARN] [net.minecraftforge.common.ForgeConfigSpec/CORE]: Incorrect key items.bubble_blower was corrected from null to its default, SimpleCommentedConfig:{}. 
[11Apr2025 07:06:48.415] [main/WARN] [net.minecraftforge.common.ForgeConfigSpec/CORE]: Incorrect key items.bubble_blower.stasis_cost was corrected from null to its default, 5. 
[11Apr2025 07:06:48.415] [main/WARN] [net.minecraftforge.common.ForgeConfigSpec/CORE]: Incorrect key items.wrench was corrected from null to its default, SimpleCommentedConfig:{}. 
[11Apr2025 07:06:48.416] [main/WARN] [net.minecraftforge.common.ForgeConfigSpec/CORE]: Incorrect key items.wrench.bypass_when_on was corrected from null to its default, MAIN_HAND. 
[11Apr2025 07:06:48.416] [main/WARN] [net.minecraftforge.common.ForgeConfigSpec/CORE]: Incorrect key items.rope_arrow was corrected from null to its default, SimpleCommentedConfig:{}. 
[11Apr2025 07:06:48.416] [main/WARN] [net.minecraftforge.common.ForgeConfigSpec/CORE]: Incorrect key items.rope_arrow.rope_arrow_override was corrected from null to its default, supplementaries:rope. 
[11Apr2025 07:06:48.416] [main/WARN] [net.minecraftforge.common.ForgeConfigSpec/CORE]: Incorrect key items.rope_arrow.capacity was corrected from null to its default, 32. 
[11Apr2025 07:06:48.416] [main/WARN] [net.minecraftforge.common.ForgeConfigSpec/CORE]: Incorrect key items.rope_arrow.exclusive_to_crossbows was corrected from null to its default, false. 
[11Apr2025 07:06:48.423] [main/WARN] [net.minecraftforge.common.ForgeConfigSpec/CORE]: Incorrect key items.flute was corrected from null to its default, SimpleCommentedConfig:{}. 
[11Apr2025 07:06:48.424] [main/WARN] [net.minecraftforge.common.ForgeConfigSpec/CORE]: Incorrect key items.flute.unbound_radius was corrected from null to its default, 64. 
[11Apr2025 07:06:48.424] [main/WARN] [net.minecraftforge.common.ForgeConfigSpec/CORE]: Incorrect key items.flute.bound_distance was corrected from null to its default, 64. 
[11Apr2025 07:06:48.425] [main/WARN] [net.minecraftforge.common.ForgeConfigSpec/CORE]: Incorrect key items.bomb was corrected from null to its default, SimpleCommentedConfig:{}. 
[11Apr2025 07:06:48.426] [main/WARN] [net.minecraftforge.common.ForgeConfigSpec/CORE]: Incorrect key items.bomb.explosion_radius was corrected from null to its default, 2.0. 
[11Apr2025 07:06:48.426] [main/WARN] [net.minecraftforge.common.ForgeConfigSpec/CORE]: Incorrect key items.bomb.break_blocks was corrected from null to its default, WEAK. 
[11Apr2025 07:06:48.427] [main/WARN] [net.minecraftforge.common.ForgeConfigSpec/CORE]: Incorrect key items.bomb.bomb_fuse was corrected from null to its default, 0. 
[11Apr2025 07:06:48.427] [main/WARN] [net.minecraftforge.common.ForgeConfigSpec/CORE]: Incorrect key items.blue_bomb was corrected from null to its default, SimpleCommentedConfig:{}. 
[11Apr2025 07:06:48.427] [main/WARN] [net.minecraftforge.common.ForgeConfigSpec/CORE]: Incorrect key items.blue_bomb.explosion_radius was corrected from null to its default, 5.15. 
[11Apr2025 07:06:48.427] [main/WARN] [net.minecraftforge.common.ForgeConfigSpec/CORE]: Incorrect key items.blue_bomb.break_blocks was corrected from null to its default, WEAK. 
[11Apr2025 07:06:48.427] [main/WARN] [net.minecraftforge.common.ForgeConfigSpec/CORE]: Incorrect key items.slingshot was corrected from null to its default, SimpleCommentedConfig:{}. 
[11Apr2025 07:06:48.427] [main/WARN] [net.minecraftforge.common.ForgeConfigSpec/CORE]: Incorrect key items.slingshot.range_multiplier was corrected from null to its default, 1.0. 
[11Apr2025 07:06:48.428] [main/WARN] [net.minecraftforge.common.ForgeConfigSpec/CORE]: Incorrect key items.slingshot.charge_time was corrected from null to its default, 20. 
[11Apr2025 07:06:48.428] [main/WARN] [net.minecraftforge.common.ForgeConfigSpec/CORE]: Incorrect key items.slingshot.stasis_deceleration was corrected from null to its default, 0.9625. 
[11Apr2025 07:06:48.428] [main/WARN] [net.minecraftforge.common.ForgeConfigSpec/CORE]: Incorrect key items.slingshot.unrestricted_enderman_intercept was corrected from null to its default, true. 
[11Apr2025 07:06:48.434] [main/WARN] [net.minecraftforge.common.ForgeConfigSpec/CORE]: Incorrect key general was corrected from null to its default, SimpleCommentedConfig:{}. 
[11Apr2025 07:06:48.438] [main/WARN] [net.minecraftforge.common.ForgeConfigSpec/CORE]: Incorrect key general.server_protection was corrected from null to its default, false. 
[11Apr2025 07:06:48.452] [main/WARN] [net.minecraftforge.common.ForgeConfigSpec/CORE]: Configuration file /workspaces/MinecraftServer2.0/servidor_minecraft/config/create-common.toml is not correct. Correcting
[11Apr2025 07:06:48.454] [main/WARN] [net.minecraftforge.common.ForgeConfigSpec/CORE]: Incorrect key worldgen was corrected from null to its default, SimpleCommentedConfig:{}. 
[11Apr2025 07:06:48.454] [main/WARN] [net.minecraftforge.common.ForgeConfigSpec/CORE]: Incorrect key worldgen.v2 was corrected from null to its default, SimpleCommentedConfig:{}. 
[11Apr2025 07:06:48.455] [main/WARN] [net.minecraftforge.common.ForgeConfigSpec/CORE]: Incorrect key worldgen.v2.disableWorldGen was corrected from null to its default, false. 
[11Apr2025 07:06:48.455] [main/WARN] [net.minecraftforge.common.ForgeConfigSpec/CORE]: Incorrect key worldgen.v2.striated_ores_nether was corrected from null to its default, SimpleCommentedConfig:{}. 
[11Apr2025 07:06:48.455] [main/WARN] [net.minecraftforge.common.ForgeConfigSpec/CORE]: Incorrect key worldgen.v2.striated_ores_nether.clusterSize was corrected from null to its default, 32. 
[11Apr2025 07:06:48.456] [main/WARN] [net.minecraftforge.common.ForgeConfigSpec/CORE]: Incorrect key worldgen.v2.striated_ores_nether.frequency was corrected from null to its default, 0.0555555559694767. 
[11Apr2025 07:06:48.457] [main/WARN] [net.minecraftforge.common.ForgeConfigSpec/CORE]: Incorrect key worldgen.v2.striated_ores_nether.minHeight was corrected from null to its default, 40. 
[11Apr2025 07:06:48.457] [main/WARN] [net.minecraftforge.common.ForgeConfigSpec/CORE]: Incorrect key worldgen.v2.striated_ores_nether.maxHeight was corrected from null to its default, 90. 
[11Apr2025 07:06:48.460] [main/WARN] [net.minecraftforge.common.ForgeConfigSpec/CORE]: Incorrect key worldgen.v2.striated_ores_overworld was corrected from null to its default, SimpleCommentedConfig:{}. 
[11Apr2025 07:06:48.460] [main/WARN] [net.minecraftforge.common.ForgeConfigSpec/CORE]: Incorrect key worldgen.v2.striated_ores_overworld.clusterSize was corrected from null to its default, 32. 
[11Apr2025 07:06:48.461] [main/WARN] [net.minecraftforge.common.ForgeConfigSpec/CORE]: Incorrect key worldgen.v2.striated_ores_overworld.frequency was corrected from null to its default, 0.0555555559694767. 
[11Apr2025 07:06:48.461] [main/WARN] [net.minecraftforge.common.ForgeConfigSpec/CORE]: Incorrect key worldgen.v2.striated_ores_overworld.minHeight was corrected from null to its default, -30. 
[11Apr2025 07:06:48.461] [main/WARN] [net.minecraftforge.common.ForgeConfigSpec/CORE]: Incorrect key worldgen.v2.striated_ores_overworld.maxHeight was corrected from null to its default, 70. 
[11Apr2025 07:06:48.461] [main/WARN] [net.minecraftforge.common.ForgeConfigSpec/CORE]: Incorrect key worldgen.v2.zinc_ore was corrected from null to its default, SimpleCommentedConfig:{}. 
[11Apr2025 07:06:48.461] [main/WARN] [net.minecraftforge.common.ForgeConfigSpec/CORE]: Incorrect key worldgen.v2.zinc_ore.clusterSize was corrected from null to its default, 12. 
[11Apr2025 07:06:48.461] [main/WARN] [net.minecraftforge.common.ForgeConfigSpec/CORE]: Incorrect key worldgen.v2.zinc_ore.frequency was corrected from null to its default, 8.0. 
[11Apr2025 07:06:48.461] [main/WARN] [net.minecraftforge.common.ForgeConfigSpec/CORE]: Incorrect key worldgen.v2.zinc_ore.minHeight was corrected from null to its default, -63. 
[11Apr2025 07:06:48.461] [main/WARN] [net.minecraftforge.common.ForgeConfigSpec/CORE]: Incorrect key worldgen.v2.zinc_ore.maxHeight was corrected from null to its default, 70. 
[11Apr2025 07:06:48.481] [modloading-worker-0/INFO] [Spartan Shields/]: Setting up Spartan Shields!
[11Apr2025 07:06:48.829] [Forge Version Check/INFO] [net.minecraftforge.fml.VersionChecker/]: [flywheel] Starting version check at https://api.modrinth.com/updates/flywheel/forge_updates.json
[11Apr2025 07:06:49.238] [Forge Version Check/INFO] [net.minecraftforge.fml.VersionChecker/]: [flywheel] Found status: AHEAD Current: 0.6.11-107 Target: null
[11Apr2025 07:06:49.240] [Forge Version Check/INFO] [net.minecraftforge.fml.VersionChecker/]: [inventoryhud] Starting version check at https://raw.githubusercontent.com/DmitryLovin/pluginUpdate/master/invupdate.json
[11Apr2025 07:06:49.307] [Forge Version Check/INFO] [net.minecraftforge.fml.VersionChecker/]: [inventoryhud] Found status: UP_TO_DATE Current: 3.4.26 Target: null
[11Apr2025 07:06:49.317] [Forge Version Check/INFO] [net.minecraftforge.fml.VersionChecker/]: [tombstone] Starting version check at https://raw.githubusercontent.com/Corail31/tombstone_lite/master/update.json
[11Apr2025 07:06:49.347] [Forge Version Check/INFO] [net.minecraftforge.fml.VersionChecker/]: [tombstone] Found status: OUTDATED Current: 7.7.3 Target: 7.7.6
[11Apr2025 07:06:49.347] [Forge Version Check/INFO] [net.minecraftforge.fml.VersionChecker/]: [otyacraftengine] Starting version check at https://raw.githubusercontent.com/TeamFelnull/OtyacraftEngine/master/version_check.json
[11Apr2025 07:06:49.363] [Forge Version Check/INFO] [net.minecraftforge.fml.VersionChecker/]: [otyacraftengine] Found status: AHEAD Current: 2.14 Target: null
[11Apr2025 07:06:49.363] [Forge Version Check/INFO] [net.minecraftforge.fml.VersionChecker/]: [iammusicplayer] Starting version check at https://raw.githubusercontent.com/TeamFelnull/IamMusicPlayer/master/version_check.json
[11Apr2025 07:06:49.523] [Forge Version Check/INFO] [net.minecraftforge.fml.VersionChecker/]: [iammusicplayer] Found status: UP_TO_DATE Current: 3.16.6 Target: null
[11Apr2025 07:06:49.527] [Forge Version Check/INFO] [net.minecraftforge.fml.VersionChecker/]: [crafttweaker] Starting version check at https://updates.blamejared.com/get?n=crafttweaker&gv=1.18.2
[11Apr2025 07:06:50.125] [main/INFO] [net.mehvahdjukaar.supplementaries.Supplementaries/]: Finished mod setup in: 130 ms
[11Apr2025 07:06:50.150] [modloading-worker-0/INFO] [xaero.minimap.XaeroMinimap/]: Loading Xaero's Minimap - Stage 1/2 (Server)
[11Apr2025 07:06:50.153] [modloading-worker-0/INFO] [xaero.map.server.WorldMapServer/]: Loading Xaero's World Map - Stage 1/2 (Server)
[11Apr2025 07:06:50.154] [main/INFO] [xaero.minimap.XaeroMinimap/]: Loading Xaero's Minimap - Stage 2/2 (Server)
[11Apr2025 07:06:50.155] [main/INFO] [xaero.map.server.WorldMapServer/]: Loading Xaero's World Map - Stage 2/2 (Server)
[11Apr2025 07:06:50.163] [Forge Version Check/INFO] [net.minecraftforge.fml.VersionChecker/]: [crafttweaker] Found status: BETA_OUTDATED Current: 9.1.211 Target: 9.1.213
[11Apr2025 07:06:50.166] [Forge Version Check/INFO] [net.minecraftforge.fml.VersionChecker/]: [forge] Starting version check at https://files.minecraftforge.net/net/minecraftforge/forge/promotions_slim.json
[11Apr2025 07:06:50.205] [modloading-worker-0/ERROR] [WTHIT/]: [WTHIT] Error creating instance of plugin null
java.lang.NoClassDefFoundError: mcp/mobius/waila/api/ui/IElement
	at java.lang.Class.forName0(Native Method) ~[?:?]
	at java.lang.Class.forName(Class.java:375) ~[?:?]
	at mcp.mobius.waila.plugin.PluginInfo.register(PluginInfo.java:42) ~[wthit-forge-4.13.6.jar%2373!/:4.13.6]
	at mcp.mobius.waila.forge.ForgePluginLoader.gatherPlugins(ForgePluginLoader.java:42) ~[wthit-forge-4.13.6.jar%2373!/:4.13.6]
	at mcp.mobius.waila.plugin.PluginLoader.loadPlugins(PluginLoader.java:18) ~[wthit-forge-4.13.6.jar%2373!/:4.13.6]
	at mcp.mobius.waila.forge.ForgeWaila.loadComplete(ForgeWaila.java:41) ~[wthit-forge-4.13.6.jar%2373!/:4.13.6]
	at net.minecraftforge.eventbus.ASMEventHandler_8_ForgeWaila_loadComplete_FMLLoadCompleteEvent.invoke(.dynamic) ~[?:?]
	at net.minecraftforge.eventbus.ASMEventHandler.invoke(ASMEventHandler.java:85) ~[eventbus-5.0.3.jar%232!/:?]
	at net.minecraftforge.eventbus.EventBus.post(EventBus.java:302) ~[eventbus-5.0.3.jar%232!/:?]
	at net.minecraftforge.eventbus.EventBus.post(EventBus.java:283) ~[eventbus-5.0.3.jar%232!/:?]
	at net.minecraftforge.fml.javafmlmod.FMLModContainer.acceptEvent(FMLModContainer.java:106) ~[javafmllanguage-1.18.2-40.2.9.jar%2379!/:?]
	at net.minecraftforge.fml.ModContainer.lambda$buildTransitionHandler$4(ModContainer.java:107) ~[fmlcore-1.18.2-40.2.9.jar%2378!/:?]
	at java.util.concurrent.CompletableFuture$AsyncRun.run(CompletableFuture.java:1804) [?:?]
	at java.util.concurrent.CompletableFuture$AsyncRun.exec(CompletableFuture.java:1796) [?:?]
	at java.util.concurrent.ForkJoinTask.doExec(ForkJoinTask.java:373) [?:?]
	at java.util.concurrent.ForkJoinPool$WorkQueue.topLevelExec(ForkJoinPool.java:1182) [?:?]
	at java.util.concurrent.ForkJoinPool.scan(ForkJoinPool.java:1655) [?:?]
	at java.util.concurrent.ForkJoinPool.runWorker(ForkJoinPool.java:1622) [?:?]
	at java.util.concurrent.ForkJoinWorkerThread.run(ForkJoinWorkerThread.java:165) [?:?]
Caused by: java.lang.ClassNotFoundException: mcp.mobius.waila.api.ui.IElement
	at jdk.internal.loader.BuiltinClassLoader.loadClass(BuiltinClassLoader.java:641) ~[?:?]
	at java.lang.ClassLoader.loadClass(ClassLoader.java:525) ~[?:?]
	at cpw.mods.cl.ModuleClassLoader.loadClass(ModuleClassLoader.java:137) ~[securejarhandler-1.0.8.jar:?]
	at java.lang.ClassLoader.loadClass(ClassLoader.java:525) ~[?:?]
	at cpw.mods.cl.ModuleClassLoader.loadClass(ModuleClassLoader.java:137) ~[securejarhandler-1.0.8.jar:?]
	at java.lang.ClassLoader.loadClass(ClassLoader.java:525) ~[?:?]
	... 19 more
[11Apr2025 07:06:50.218] [modloading-worker-0/INFO] [WTHIT/]: [WTHIT] Registering plugin waila:core at mcp.mobius.waila.forge.ForgePlugins.Core
[11Apr2025 07:06:50.235] [modloading-worker-0/INFO] [WTHIT/]: [WTHIT] Registering plugin waila:vanilla at mcp.mobius.waila.forge.ForgePlugins.Vanilla
[11Apr2025 07:06:50.272] [modloading-worker-0/INFO] [WTHIT/]: [WTHIT] Plugin config reloaded
[11Apr2025 07:06:50.375] [Forge Version Check/INFO] [net.minecraftforge.fml.VersionChecker/]: [forge] Found status: OUTDATED Current: 40.2.9 Target: 40.3.0
[11Apr2025 07:06:56.348] [main/INFO] [com.mojang.authlib.yggdrasil.YggdrasilAuthenticationService/]: Environment: authHost='https://authserver.mojang.com', accountsHost='https://api.mojang.com', sessionHost='https://sessionserver.mojang.com', servicesHost='https://api.minecraftservices.com', name='PROD'
[11Apr2025 07:07:00.241] [main/WARN] [net.minecraft.server.packs.VanillaPackResources/]: Assets URL 'union:/workspaces/MinecraftServer2.0/servidor_minecraft/libraries/net/minecraft/server/1.18.2-20220404.173914/server-1.18.2-20220404.173914-srg.jar%2377!/assets/.mcassetsroot' uses unexpected schema
[11Apr2025 07:07:00.244] [main/WARN] [net.minecraft.server.packs.VanillaPackResources/]: Assets URL 'union:/workspaces/MinecraftServer2.0/servidor_minecraft/libraries/net/minecraft/server/1.18.2-20220404.173914/server-1.18.2-20220404.173914-srg.jar%2377!/data/.mcassetsroot' uses unexpected schema
[11Apr2025 07:07:00.626] [main/INFO] [net.mehvahdjukaar.supplementaries.Supplementaries/]: Generated runtime SERVER_DATA for pack Supplementaries Generated Pack in: 164 ms
[11Apr2025 07:07:04.165] [main/WARN] [net.minecraft.commands.Commands/]: Ambiguity between arguments [teleport, location] and [teleport, destination] with inputs: [0.1 -0.5 .9, 0 0 0]
[11Apr2025 07:07:04.167] [main/WARN] [net.minecraft.commands.Commands/]: Ambiguity between arguments [teleport, location] and [teleport, targets] with inputs: [0.1 -0.5 .9, 0 0 0]
[11Apr2025 07:07:04.172] [main/WARN] [net.minecraft.commands.Commands/]: Ambiguity between arguments [teleport, destination] and [teleport, targets] with inputs: [Player, 0123, @e, dd12be42-52a9-4a91-a8a1-11c01849e498]
[11Apr2025 07:07:04.174] [main/WARN] [net.minecraft.commands.Commands/]: Ambiguity between arguments [teleport, targets] and [teleport, destination] with inputs: [Player, 0123, dd12be42-52a9-4a91-a8a1-11c01849e498]
[11Apr2025 07:07:04.175] [main/WARN] [net.minecraft.commands.Commands/]: Ambiguity between arguments [teleport, targets, location] and [teleport, targets, destination] with inputs: [0.1 -0.5 .9, 0 0 0]
[11Apr2025 07:07:04.181] [main/WARN] [net.minecraft.commands.Commands/]: Ambiguity between arguments [create, coupling, add, cart1] and [create, coupling, add, carts] with inputs: [Player, 0123, @e, dd12be42-52a9-4a91-a8a1-11c01849e498]
[11Apr2025 07:07:04.183] [main/WARN] [net.minecraft.commands.Commands/]: Ambiguity between arguments [create, coupling, add, carts] and [create, coupling, add, cart1] with inputs: [Player, 0123, dd12be42-52a9-4a91-a8a1-11c01849e498]
[11Apr2025 07:07:04.185] [main/WARN] [net.minecraft.commands.Commands/]: Ambiguity between arguments [create, coupling, add, cart1] and [create, coupling, add, carts] with inputs: [Player, 0123, @e, dd12be42-52a9-4a91-a8a1-11c01849e498]
[11Apr2025 07:07:04.186] [main/WARN] [net.minecraft.commands.Commands/]: Ambiguity between arguments [create, coupling, add, carts] and [create, coupling, add, cart1] with inputs: [Player, 0123, dd12be42-52a9-4a91-a8a1-11c01849e498]
[11Apr2025 07:07:10.805] [Worker-Main-4/INFO] [net.minecraft.world.item.crafting.RecipeManager/]: Skipping loading recipe supplementaries:spiky_bomb as it's serializer returned null
[11Apr2025 07:07:10.836] [Worker-Main-4/ERROR] [net.minecraft.world.item.crafting.RecipeManager/]: Parsing error loading recipe emojiful:very_old_cassette_tape
com.google.gson.JsonSyntaxException: Invalid or unsupported recipe type 'emojiful:emoji_recipe'
	at net.minecraft.world.item.crafting.RecipeManager.m_199901_(RecipeManager.java:156) ~[server-1.18.2-20220404.173914-srg.jar%2377!/:?]
	at java.util.Optional.orElseThrow(Optional.java:403) ~[?:?]
	at net.minecraft.world.item.crafting.RecipeManager.fromJson(RecipeManager.java:155) ~[server-1.18.2-20220404.173914-srg.jar%2377!/:?]
	at net.minecraft.world.item.crafting.RecipeManager.m_5787_(RecipeManager.java:67) ~[server-1.18.2-20220404.173914-srg.jar%2377!/:?]
	at net.minecraft.world.item.crafting.RecipeManager.m_5787_(RecipeManager.java:34) ~[server-1.18.2-20220404.173914-srg.jar%2377!/:?]
	at net.minecraft.server.packs.resources.SimplePreparableReloadListener.m_10789_(SimplePreparableReloadListener.java:13) ~[server-1.18.2-20220404.173914-srg.jar%2377!/:?]
	at java.util.concurrent.CompletableFuture$UniAccept.tryFire(CompletableFuture.java:718) ~[?:?]
	at java.util.concurrent.CompletableFuture$Completion.run(CompletableFuture.java:482) ~[?:?]
	at net.minecraft.server.packs.resources.SimpleReloadInstance.m_143940_(SimpleReloadInstance.java:69) ~[server-1.18.2-20220404.173914-srg.jar%2377!/:?]
	at net.minecraft.server.packs.resources.SimpleReloadInstance.m_10834_(SimpleReloadInstance.java:68) ~[server-1.18.2-20220404.173914-srg.jar%2377!/:?]
	at java.util.concurrent.CompletableFuture$UniCompletion.claim(CompletableFuture.java:572) ~[?:?]
	at java.util.concurrent.CompletableFuture$UniAccept.tryFire(CompletableFuture.java:714) ~[?:?]
	at java.util.concurrent.CompletableFuture.postComplete(CompletableFuture.java:510) ~[?:?]
	at java.util.concurrent.CompletableFuture.postFire(CompletableFuture.java:614) ~[?:?]
	at java.util.concurrent.CompletableFuture$UniAccept.tryFire(CompletableFuture.java:726) ~[?:?]
	at java.util.concurrent.CompletableFuture$Completion.run(CompletableFuture.java:482) ~[?:?]
	at net.minecraft.server.packs.resources.SimpleReloadInstance.m_143940_(SimpleReloadInstance.java:69) ~[server-1.18.2-20220404.173914-srg.jar%2377!/:?]
	at net.minecraft.server.packs.resources.SimpleReloadInstance.m_10834_(SimpleReloadInstance.java:68) ~[server-1.18.2-20220404.173914-srg.jar%2377!/:?]
	at java.util.concurrent.CompletableFuture$UniCompletion.claim(CompletableFuture.java:572) ~[?:?]
	at java.util.concurrent.CompletableFuture$UniAccept.tryFire(CompletableFuture.java:714) ~[?:?]
	at java.util.concurrent.CompletableFuture.postComplete(CompletableFuture.java:510) ~[?:?]
	at java.util.concurrent.CompletableFuture.postFire(CompletableFuture.java:614) ~[?:?]
	at java.util.concurrent.CompletableFuture$UniAccept.tryFire(CompletableFuture.java:726) ~[?:?]
	at java.util.concurrent.CompletableFuture$Completion.run(CompletableFuture.java:482) ~[?:?]
	at net.minecraft.server.packs.resources.SimpleReloadInstance.m_143940_(SimpleReloadInstance.java:69) ~[server-1.18.2-20220404.173914-srg.jar%2377!/:?]
	at net.minecraft.server.packs.resources.SimpleReloadInstance.m_10834_(SimpleReloadInstance.java:68) ~[server-1.18.2-20220404.173914-srg.jar%2377!/:?]
	at java.util.concurrent.CompletableFuture$UniCompletion.claim(CompletableFuture.java:572) ~[?:?]
	at java.util.concurrent.CompletableFuture$UniAccept.tryFire(CompletableFuture.java:714) ~[?:?]
	at java.util.concurrent.CompletableFuture.postComplete(CompletableFuture.java:510) ~[?:?]
	at java.util.concurrent.CompletableFuture.complete(CompletableFuture.java:2147) ~[?:?]
	at net.minecraft.server.packs.resources.SimpleReloadInstance$1.m_10855_(SimpleReloadInstance.java:51) ~[server-1.18.2-20220404.173914-srg.jar%2377!/:?]
	at net.minecraft.server.packs.resources.SimpleReloadInstance$1.m_6769_(SimpleReloadInstance.java:48) ~[server-1.18.2-20220404.173914-srg.jar%2377!/:?]
	at java.util.concurrent.CompletableFuture$UniCompose.tryFire(CompletableFuture.java:1150) [?:?]
	at java.util.concurrent.CompletableFuture.postComplete(CompletableFuture.java:510) [?:?]
	at java.util.concurrent.CompletableFuture$AsyncSupply.run(CompletableFuture.java:1773) [?:?]
	at java.util.concurrent.CompletableFuture$AsyncSupply.exec(CompletableFuture.java:1760) [?:?]
	at java.util.concurrent.ForkJoinTask.doExec(ForkJoinTask.java:373) [?:?]
	at java.util.concurrent.ForkJoinPool$WorkQueue.topLevelExec(ForkJoinPool.java:1182) [?:?]
	at java.util.concurrent.ForkJoinPool.scan(ForkJoinPool.java:1655) [?:?]
	at java.util.concurrent.ForkJoinPool.runWorker(ForkJoinPool.java:1622) [?:?]
	at java.util.concurrent.ForkJoinWorkerThread.run(ForkJoinWorkerThread.java:165) [?:?]
[11Apr2025 07:07:10.845] [Worker-Main-4/INFO] [net.minecraft.world.item.crafting.RecipeManager/]: Skipping loading recipe supplementaries:lead_lantern as it's serializer returned null
[11Apr2025 07:07:10.856] [Worker-Main-4/INFO] [net.minecraft.world.item.crafting.RecipeManager/]: Skipping loading recipe supplementaries:lead_trapdoor as it's serializer returned null
[11Apr2025 07:07:10.856] [Worker-Main-4/INFO] [net.minecraft.world.item.crafting.RecipeManager/]: Skipping loading recipe supplementaries:inspirations/blackboard_clear as it's serializer returned null
[11Apr2025 07:07:10.879] [Worker-Main-4/ERROR] [net.minecraft.world.item.crafting.RecipeManager/]: Parsing error loading recipe emojiful:radio_antenna
com.google.gson.JsonSyntaxException: Invalid or unsupported recipe type 'emojiful:emoji_recipe'
	at net.minecraft.world.item.crafting.RecipeManager.m_199901_(RecipeManager.java:156) ~[server-1.18.2-20220404.173914-srg.jar%2377!/:?]
	at java.util.Optional.orElseThrow(Optional.java:403) ~[?:?]
	at net.minecraft.world.item.crafting.RecipeManager.fromJson(RecipeManager.java:155) ~[server-1.18.2-20220404.173914-srg.jar%2377!/:?]
	at net.minecraft.world.item.crafting.RecipeManager.m_5787_(RecipeManager.java:67) ~[server-1.18.2-20220404.173914-srg.jar%2377!/:?]
	at net.minecraft.world.item.crafting.RecipeManager.m_5787_(RecipeManager.java:34) ~[server-1.18.2-20220404.173914-srg.jar%2377!/:?]
	at net.minecraft.server.packs.resources.SimplePreparableReloadListener.m_10789_(SimplePreparableReloadListener.java:13) ~[server-1.18.2-20220404.173914-srg.jar%2377!/:?]
	at java.util.concurrent.CompletableFuture$UniAccept.tryFire(CompletableFuture.java:718) ~[?:?]
	at java.util.concurrent.CompletableFuture$Completion.run(CompletableFuture.java:482) ~[?:?]
	at net.minecraft.server.packs.resources.SimpleReloadInstance.m_143940_(SimpleReloadInstance.java:69) ~[server-1.18.2-20220404.173914-srg.jar%2377!/:?]
	at net.minecraft.server.packs.resources.SimpleReloadInstance.m_10834_(SimpleReloadInstance.java:68) ~[server-1.18.2-20220404.173914-srg.jar%2377!/:?]
	at java.util.concurrent.CompletableFuture$UniCompletion.claim(CompletableFuture.java:572) ~[?:?]
	at java.util.concurrent.CompletableFuture$UniAccept.tryFire(CompletableFuture.java:714) ~[?:?]
	at java.util.concurrent.CompletableFuture.postComplete(CompletableFuture.java:510) ~[?:?]
	at java.util.concurrent.CompletableFuture.postFire(CompletableFuture.java:614) ~[?:?]
	at java.util.concurrent.CompletableFuture$UniAccept.tryFire(CompletableFuture.java:726) ~[?:?]
	at java.util.concurrent.CompletableFuture$Completion.run(CompletableFuture.java:482) ~[?:?]
	at net.minecraft.server.packs.resources.SimpleReloadInstance.m_143940_(SimpleReloadInstance.java:69) ~[server-1.18.2-20220404.173914-srg.jar%2377!/:?]
	at net.minecraft.server.packs.resources.SimpleReloadInstance.m_10834_(SimpleReloadInstance.java:68) ~[server-1.18.2-20220404.173914-srg.jar%2377!/:?]
	at java.util.concurrent.CompletableFuture$UniCompletion.claim(CompletableFuture.java:572) ~[?:?]
	at java.util.concurrent.CompletableFuture$UniAccept.tryFire(CompletableFuture.java:714) ~[?:?]
	at java.util.concurrent.CompletableFuture.postComplete(CompletableFuture.java:510) ~[?:?]
	at java.util.concurrent.CompletableFuture.postFire(CompletableFuture.java:614) ~[?:?]
	at java.util.concurrent.CompletableFuture$UniAccept.tryFire(CompletableFuture.java:726) ~[?:?]
	at java.util.concurrent.CompletableFuture$Completion.run(CompletableFuture.java:482) ~[?:?]
	at net.minecraft.server.packs.resources.SimpleReloadInstance.m_143940_(SimpleReloadInstance.java:69) ~[server-1.18.2-20220404.173914-srg.jar%2377!/:?]
	at net.minecraft.server.packs.resources.SimpleReloadInstance.m_10834_(SimpleReloadInstance.java:68) ~[server-1.18.2-20220404.173914-srg.jar%2377!/:?]
	at java.util.concurrent.CompletableFuture$UniCompletion.claim(CompletableFuture.java:572) ~[?:?]
	at java.util.concurrent.CompletableFuture$UniAccept.tryFire(CompletableFuture.java:714) ~[?:?]
	at java.util.concurrent.CompletableFuture.postComplete(CompletableFuture.java:510) ~[?:?]
	at java.util.concurrent.CompletableFuture.complete(CompletableFuture.java:2147) ~[?:?]
	at net.minecraft.server.packs.resources.SimpleReloadInstance$1.m_10855_(SimpleReloadInstance.java:51) ~[server-1.18.2-20220404.173914-srg.jar%2377!/:?]
	at net.minecraft.server.packs.resources.SimpleReloadInstance$1.m_6769_(SimpleReloadInstance.java:48) ~[server-1.18.2-20220404.173914-srg.jar%2377!/:?]
	at java.util.concurrent.CompletableFuture$UniCompose.tryFire(CompletableFuture.java:1150) [?:?]
	at java.util.concurrent.CompletableFuture.postComplete(CompletableFuture.java:510) [?:?]
	at java.util.concurrent.CompletableFuture$AsyncSupply.run(CompletableFuture.java:1773) [?:?]
	at java.util.concurrent.CompletableFuture$AsyncSupply.exec(CompletableFuture.java:1760) [?:?]
	at java.util.concurrent.ForkJoinTask.doExec(ForkJoinTask.java:373) [?:?]
	at java.util.concurrent.ForkJoinPool$WorkQueue.topLevelExec(ForkJoinPool.java:1182) [?:?]
	at java.util.concurrent.ForkJoinPool.scan(ForkJoinPool.java:1655) [?:?]
	at java.util.concurrent.ForkJoinPool.runWorker(ForkJoinPool.java:1622) [?:?]
	at java.util.concurrent.ForkJoinWorkerThread.run(ForkJoinWorkerThread.java:165) [?:?]
[11Apr2025 07:07:10.883] [Worker-Main-4/ERROR] [net.minecraft.world.item.crafting.RecipeManager/]: Parsing error loading recipe emojiful:cassette_storing
com.google.gson.JsonSyntaxException: Invalid or unsupported recipe type 'emojiful:emoji_recipe'
	at net.minecraft.world.item.crafting.RecipeManager.m_199901_(RecipeManager.java:156) ~[server-1.18.2-20220404.173914-srg.jar%2377!/:?]
	at java.util.Optional.orElseThrow(Optional.java:403) ~[?:?]
	at net.minecraft.world.item.crafting.RecipeManager.fromJson(RecipeManager.java:155) ~[server-1.18.2-20220404.173914-srg.jar%2377!/:?]
	at net.minecraft.world.item.crafting.RecipeManager.m_5787_(RecipeManager.java:67) ~[server-1.18.2-20220404.173914-srg.jar%2377!/:?]
	at net.minecraft.world.item.crafting.RecipeManager.m_5787_(RecipeManager.java:34) ~[server-1.18.2-20220404.173914-srg.jar%2377!/:?]
	at net.minecraft.server.packs.resources.SimplePreparableReloadListener.m_10789_(SimplePreparableReloadListener.java:13) ~[server-1.18.2-20220404.173914-srg.jar%2377!/:?]
	at java.util.concurrent.CompletableFuture$UniAccept.tryFire(CompletableFuture.java:718) ~[?:?]
	at java.util.concurrent.CompletableFuture$Completion.run(CompletableFuture.java:482) ~[?:?]
	at net.minecraft.server.packs.resources.SimpleReloadInstance.m_143940_(SimpleReloadInstance.java:69) ~[server-1.18.2-20220404.173914-srg.jar%2377!/:?]
	at net.minecraft.server.packs.resources.SimpleReloadInstance.m_10834_(SimpleReloadInstance.java:68) ~[server-1.18.2-20220404.173914-srg.jar%2377!/:?]
	at java.util.concurrent.CompletableFuture$UniCompletion.claim(CompletableFuture.java:572) ~[?:?]
	at java.util.concurrent.CompletableFuture$UniAccept.tryFire(CompletableFuture.java:714) ~[?:?]
	at java.util.concurrent.CompletableFuture.postComplete(CompletableFuture.java:510) ~[?:?]
	at java.util.concurrent.CompletableFuture.postFire(CompletableFuture.java:614) ~[?:?]
	at java.util.concurrent.CompletableFuture$UniAccept.tryFire(CompletableFuture.java:726) ~[?:?]
	at java.util.concurrent.CompletableFuture$Completion.run(CompletableFuture.java:482) ~[?:?]
	at net.minecraft.server.packs.resources.SimpleReloadInstance.m_143940_(SimpleReloadInstance.java:69) ~[server-1.18.2-20220404.173914-srg.jar%2377!/:?]
	at net.minecraft.server.packs.resources.SimpleReloadInstance.m_10834_(SimpleReloadInstance.java:68) ~[server-1.18.2-20220404.173914-srg.jar%2377!/:?]
	at java.util.concurrent.CompletableFuture$UniCompletion.claim(CompletableFuture.java:572) ~[?:?]
	at java.util.concurrent.CompletableFuture$UniAccept.tryFire(CompletableFuture.java:714) ~[?:?]
	at java.util.concurrent.CompletableFuture.postComplete(CompletableFuture.java:510) ~[?:?]
	at java.util.concurrent.CompletableFuture.postFire(CompletableFuture.java:614) ~[?:?]
	at java.util.concurrent.CompletableFuture$UniAccept.tryFire(CompletableFuture.java:726) ~[?:?]
	at java.util.concurrent.CompletableFuture$Completion.run(CompletableFuture.java:482) ~[?:?]
	at net.minecraft.server.packs.resources.SimpleReloadInstance.m_143940_(SimpleReloadInstance.java:69) ~[server-1.18.2-20220404.173914-srg.jar%2377!/:?]
	at net.minecraft.server.packs.resources.SimpleReloadInstance.m_10834_(SimpleReloadInstance.java:68) ~[server-1.18.2-20220404.173914-srg.jar%2377!/:?]
	at java.util.concurrent.CompletableFuture$UniCompletion.claim(CompletableFuture.java:572) ~[?:?]
	at java.util.concurrent.CompletableFuture$UniAccept.tryFire(CompletableFuture.java:714) ~[?:?]
	at java.util.concurrent.CompletableFuture.postComplete(CompletableFuture.java:510) ~[?:?]
	at java.util.concurrent.CompletableFuture.complete(CompletableFuture.java:2147) ~[?:?]
	at net.minecraft.server.packs.resources.SimpleReloadInstance$1.m_10855_(SimpleReloadInstance.java:51) ~[server-1.18.2-20220404.173914-srg.jar%2377!/:?]
	at net.minecraft.server.packs.resources.SimpleReloadInstance$1.m_6769_(SimpleReloadInstance.java:48) ~[server-1.18.2-20220404.173914-srg.jar%2377!/:?]
	at java.util.concurrent.CompletableFuture$UniCompose.tryFire(CompletableFuture.java:1150) [?:?]
	at java.util.concurrent.CompletableFuture.postComplete(CompletableFuture.java:510) [?:?]
	at java.util.concurrent.CompletableFuture$AsyncSupply.run(CompletableFuture.java:1773) [?:?]
	at java.util.concurrent.CompletableFuture$AsyncSupply.exec(CompletableFuture.java:1760) [?:?]
	at java.util.concurrent.ForkJoinTask.doExec(ForkJoinTask.java:373) [?:?]
	at java.util.concurrent.ForkJoinPool$WorkQueue.topLevelExec(ForkJoinPool.java:1182) [?:?]
	at java.util.concurrent.ForkJoinPool.scan(ForkJoinPool.java:1655) [?:?]
	at java.util.concurrent.ForkJoinPool.runWorker(ForkJoinPool.java:1622) [?:?]
	at java.util.concurrent.ForkJoinWorkerThread.run(ForkJoinWorkerThread.java:165) [?:?]
[11Apr2025 07:07:10.905] [Worker-Main-4/ERROR] [net.minecraft.world.item.crafting.RecipeManager/]: Parsing error loading recipe emojiful:cassette_deck
com.google.gson.JsonSyntaxException: Invalid or unsupported recipe type 'emojiful:emoji_recipe'
	at net.minecraft.world.item.crafting.RecipeManager.m_199901_(RecipeManager.java:156) ~[server-1.18.2-20220404.173914-srg.jar%2377!/:?]
	at java.util.Optional.orElseThrow(Optional.java:403) ~[?:?]
	at net.minecraft.world.item.crafting.RecipeManager.fromJson(RecipeManager.java:155) ~[server-1.18.2-20220404.173914-srg.jar%2377!/:?]
	at net.minecraft.world.item.crafting.RecipeManager.m_5787_(RecipeManager.java:67) ~[server-1.18.2-20220404.173914-srg.jar%2377!/:?]
	at net.minecraft.world.item.crafting.RecipeManager.m_5787_(RecipeManager.java:34) ~[server-1.18.2-20220404.173914-srg.jar%2377!/:?]
	at net.minecraft.server.packs.resources.SimplePreparableReloadListener.m_10789_(SimplePreparableReloadListener.java:13) ~[server-1.18.2-20220404.173914-srg.jar%2377!/:?]
	at java.util.concurrent.CompletableFuture$UniAccept.tryFire(CompletableFuture.java:718) ~[?:?]
	at java.util.concurrent.CompletableFuture$Completion.run(CompletableFuture.java:482) ~[?:?]
	at net.minecraft.server.packs.resources.SimpleReloadInstance.m_143940_(SimpleReloadInstance.java:69) ~[server-1.18.2-20220404.173914-srg.jar%2377!/:?]
	at net.minecraft.server.packs.resources.SimpleReloadInstance.m_10834_(SimpleReloadInstance.java:68) ~[server-1.18.2-20220404.173914-srg.jar%2377!/:?]
	at java.util.concurrent.CompletableFuture$UniCompletion.claim(CompletableFuture.java:572) ~[?:?]
	at java.util.concurrent.CompletableFuture$UniAccept.tryFire(CompletableFuture.java:714) ~[?:?]
	at java.util.concurrent.CompletableFuture.postComplete(CompletableFuture.java:510) ~[?:?]
	at java.util.concurrent.CompletableFuture.postFire(CompletableFuture.java:614) ~[?:?]
	at java.util.concurrent.CompletableFuture$UniAccept.tryFire(CompletableFuture.java:726) ~[?:?]
	at java.util.concurrent.CompletableFuture$Completion.run(CompletableFuture.java:482) ~[?:?]
	at net.minecraft.server.packs.resources.SimpleReloadInstance.m_143940_(SimpleReloadInstance.java:69) ~[server-1.18.2-20220404.173914-srg.jar%2377!/:?]
	at net.minecraft.server.packs.resources.SimpleReloadInstance.m_10834_(SimpleReloadInstance.java:68) ~[server-1.18.2-20220404.173914-srg.jar%2377!/:?]
	at java.util.concurrent.CompletableFuture$UniCompletion.claim(CompletableFuture.java:572) ~[?:?]
	at java.util.concurrent.CompletableFuture$UniAccept.tryFire(CompletableFuture.java:714) ~[?:?]
	at java.util.concurrent.CompletableFuture.postComplete(CompletableFuture.java:510) ~[?:?]
	at java.util.concurrent.CompletableFuture.postFire(CompletableFuture.java:614) ~[?:?]
	at java.util.concurrent.CompletableFuture$UniAccept.tryFire(CompletableFuture.java:726) ~[?:?]
	at java.util.concurrent.CompletableFuture$Completion.run(CompletableFuture.java:482) ~[?:?]
	at net.minecraft.server.packs.resources.SimpleReloadInstance.m_143940_(SimpleReloadInstance.java:69) ~[server-1.18.2-20220404.173914-srg.jar%2377!/:?]
	at net.minecraft.server.packs.resources.SimpleReloadInstance.m_10834_(SimpleReloadInstance.java:68) ~[server-1.18.2-20220404.173914-srg.jar%2377!/:?]
	at java.util.concurrent.CompletableFuture$UniCompletion.claim(CompletableFuture.java:572) ~[?:?]
	at java.util.concurrent.CompletableFuture$UniAccept.tryFire(CompletableFuture.java:714) ~[?:?]
	at java.util.concurrent.CompletableFuture.postComplete(CompletableFuture.java:510) ~[?:?]
	at java.util.concurrent.CompletableFuture.complete(CompletableFuture.java:2147) ~[?:?]
	at net.minecraft.server.packs.resources.SimpleReloadInstance$1.m_10855_(SimpleReloadInstance.java:51) ~[server-1.18.2-20220404.173914-srg.jar%2377!/:?]
	at net.minecraft.server.packs.resources.SimpleReloadInstance$1.m_6769_(SimpleReloadInstance.java:48) ~[server-1.18.2-20220404.173914-srg.jar%2377!/:?]
	at java.util.concurrent.CompletableFuture$UniCompose.tryFire(CompletableFuture.java:1150) [?:?]
	at java.util.concurrent.CompletableFuture.postComplete(CompletableFuture.java:510) [?:?]
	at java.util.concurrent.CompletableFuture$AsyncSupply.run(CompletableFuture.java:1773) [?:?]
	at java.util.concurrent.CompletableFuture$AsyncSupply.exec(CompletableFuture.java:1760) [?:?]
	at java.util.concurrent.ForkJoinTask.doExec(ForkJoinTask.java:373) [?:?]
	at java.util.concurrent.ForkJoinPool$WorkQueue.topLevelExec(ForkJoinPool.java:1182) [?:?]
	at java.util.concurrent.ForkJoinPool.scan(ForkJoinPool.java:1655) [?:?]
	at java.util.concurrent.ForkJoinPool.runWorker(ForkJoinPool.java:1622) [?:?]
	at java.util.concurrent.ForkJoinWorkerThread.run(ForkJoinWorkerThread.java:165) [?:?]
[11Apr2025 07:07:10.968] [Worker-Main-4/ERROR] [net.minecraft.world.item.crafting.RecipeManager/]: Parsing error loading recipe emojiful:music_sharing_device
com.google.gson.JsonSyntaxException: Invalid or unsupported recipe type 'emojiful:emoji_recipe'
	at net.minecraft.world.item.crafting.RecipeManager.m_199901_(RecipeManager.java:156) ~[server-1.18.2-20220404.173914-srg.jar%2377!/:?]
	at java.util.Optional.orElseThrow(Optional.java:403) ~[?:?]
	at net.minecraft.world.item.crafting.RecipeManager.fromJson(RecipeManager.java:155) ~[server-1.18.2-20220404.173914-srg.jar%2377!/:?]
	at net.minecraft.world.item.crafting.RecipeManager.m_5787_(RecipeManager.java:67) ~[server-1.18.2-20220404.173914-srg.jar%2377!/:?]
	at net.minecraft.world.item.crafting.RecipeManager.m_5787_(RecipeManager.java:34) ~[server-1.18.2-20220404.173914-srg.jar%2377!/:?]
	at net.minecraft.server.packs.resources.SimplePreparableReloadListener.m_10789_(SimplePreparableReloadListener.java:13) ~[server-1.18.2-20220404.173914-srg.jar%2377!/:?]
	at java.util.concurrent.CompletableFuture$UniAccept.tryFire(CompletableFuture.java:718) ~[?:?]
	at java.util.concurrent.CompletableFuture$Completion.run(CompletableFuture.java:482) ~[?:?]
	at net.minecraft.server.packs.resources.SimpleReloadInstance.m_143940_(SimpleReloadInstance.java:69) ~[server-1.18.2-20220404.173914-srg.jar%2377!/:?]
	at net.minecraft.server.packs.resources.SimpleReloadInstance.m_10834_(SimpleReloadInstance.java:68) ~[server-1.18.2-20220404.173914-srg.jar%2377!/:?]
	at java.util.concurrent.CompletableFuture$UniCompletion.claim(CompletableFuture.java:572) ~[?:?]
	at java.util.concurrent.CompletableFuture$UniAccept.tryFire(CompletableFuture.java:714) ~[?:?]
	at java.util.concurrent.CompletableFuture.postComplete(CompletableFuture.java:510) ~[?:?]
	at java.util.concurrent.CompletableFuture.postFire(CompletableFuture.java:614) ~[?:?]
	at java.util.concurrent.CompletableFuture$UniAccept.tryFire(CompletableFuture.java:726) ~[?:?]
	at java.util.concurrent.CompletableFuture$Completion.run(CompletableFuture.java:482) ~[?:?]
	at net.minecraft.server.packs.resources.SimpleReloadInstance.m_143940_(SimpleReloadInstance.java:69) ~[server-1.18.2-20220404.173914-srg.jar%2377!/:?]
	at net.minecraft.server.packs.resources.SimpleReloadInstance.m_10834_(SimpleReloadInstance.java:68) ~[server-1.18.2-20220404.173914-srg.jar%2377!/:?]
	at java.util.concurrent.CompletableFuture$UniCompletion.claim(CompletableFuture.java:572) ~[?:?]
	at java.util.concurrent.CompletableFuture$UniAccept.tryFire(CompletableFuture.java:714) ~[?:?]
	at java.util.concurrent.CompletableFuture.postComplete(CompletableFuture.java:510) ~[?:?]
	at java.util.concurrent.CompletableFuture.postFire(CompletableFuture.java:614) ~[?:?]
	at java.util.concurrent.CompletableFuture$UniAccept.tryFire(CompletableFuture.java:726) ~[?:?]
	at java.util.concurrent.CompletableFuture$Completion.run(CompletableFuture.java:482) ~[?:?]
	at net.minecraft.server.packs.resources.SimpleReloadInstance.m_143940_(SimpleReloadInstance.java:69) ~[server-1.18.2-20220404.173914-srg.jar%2377!/:?]
	at net.minecraft.server.packs.resources.SimpleReloadInstance.m_10834_(SimpleReloadInstance.java:68) ~[server-1.18.2-20220404.173914-srg.jar%2377!/:?]
	at java.util.concurrent.CompletableFuture$UniCompletion.claim(CompletableFuture.java:572) ~[?:?]
	at java.util.concurrent.CompletableFuture$UniAccept.tryFire(CompletableFuture.java:714) ~[?:?]
	at java.util.concurrent.CompletableFuture.postComplete(CompletableFuture.java:510) ~[?:?]
	at java.util.concurrent.CompletableFuture.complete(CompletableFuture.java:2147) ~[?:?]
	at net.minecraft.server.packs.resources.SimpleReloadInstance$1.m_10855_(SimpleReloadInstance.java:51) ~[server-1.18.2-20220404.173914-srg.jar%2377!/:?]
	at net.minecraft.server.packs.resources.SimpleReloadInstance$1.m_6769_(SimpleReloadInstance.java:48) ~[server-1.18.2-20220404.173914-srg.jar%2377!/:?]
	at java.util.concurrent.CompletableFuture$UniCompose.tryFire(CompletableFuture.java:1150) [?:?]
	at java.util.concurrent.CompletableFuture.postComplete(CompletableFuture.java:510) [?:?]
	at java.util.concurrent.CompletableFuture$AsyncSupply.run(CompletableFuture.java:1773) [?:?]
	at java.util.concurrent.CompletableFuture$AsyncSupply.exec(CompletableFuture.java:1760) [?:?]
	at java.util.concurrent.ForkJoinTask.doExec(ForkJoinTask.java:373) [?:?]
	at java.util.concurrent.ForkJoinPool$WorkQueue.topLevelExec(ForkJoinPool.java:1182) [?:?]
	at java.util.concurrent.ForkJoinPool.scan(ForkJoinPool.java:1655) [?:?]
	at java.util.concurrent.ForkJoinPool.runWorker(ForkJoinPool.java:1622) [?:?]
	at java.util.concurrent.ForkJoinWorkerThread.run(ForkJoinWorkerThread.java:165) [?:?]
[11Apr2025 07:07:11.011] [Worker-Main-4/INFO] [net.minecraft.world.item.crafting.RecipeManager/]: Skipping loading recipe supplementaries:inspirations/flag_dye as it's serializer returned null
[11Apr2025 07:07:11.019] [Worker-Main-4/INFO] [net.minecraft.world.item.crafting.RecipeManager/]: Skipping loading recipe supplementaries:lead_door as it's serializer returned null
[11Apr2025 07:07:11.040] [Worker-Main-4/ERROR] [net.minecraft.world.item.crafting.RecipeManager/]: Parsing error loading recipe emojiful:boombox
com.google.gson.JsonSyntaxException: Invalid or unsupported recipe type 'emojiful:emoji_recipe'
	at net.minecraft.world.item.crafting.RecipeManager.m_199901_(RecipeManager.java:156) ~[server-1.18.2-20220404.173914-srg.jar%2377!/:?]
	at java.util.Optional.orElseThrow(Optional.java:403) ~[?:?]
	at net.minecraft.world.item.crafting.RecipeManager.fromJson(RecipeManager.java:155) ~[server-1.18.2-20220404.173914-srg.jar%2377!/:?]
	at net.minecraft.world.item.crafting.RecipeManager.m_5787_(RecipeManager.java:67) ~[server-1.18.2-20220404.173914-srg.jar%2377!/:?]
	at net.minecraft.world.item.crafting.RecipeManager.m_5787_(RecipeManager.java:34) ~[server-1.18.2-20220404.173914-srg.jar%2377!/:?]
	at net.minecraft.server.packs.resources.SimplePreparableReloadListener.m_10789_(SimplePreparableReloadListener.java:13) ~[server-1.18.2-20220404.173914-srg.jar%2377!/:?]
	at java.util.concurrent.CompletableFuture$UniAccept.tryFire(CompletableFuture.java:718) ~[?:?]
	at java.util.concurrent.CompletableFuture$Completion.run(CompletableFuture.java:482) ~[?:?]
	at net.minecraft.server.packs.resources.SimpleReloadInstance.m_143940_(SimpleReloadInstance.java:69) ~[server-1.18.2-20220404.173914-srg.jar%2377!/:?]
	at net.minecraft.server.packs.resources.SimpleReloadInstance.m_10834_(SimpleReloadInstance.java:68) ~[server-1.18.2-20220404.173914-srg.jar%2377!/:?]
	at java.util.concurrent.CompletableFuture$UniCompletion.claim(CompletableFuture.java:572) ~[?:?]
	at java.util.concurrent.CompletableFuture$UniAccept.tryFire(CompletableFuture.java:714) ~[?:?]
	at java.util.concurrent.CompletableFuture.postComplete(CompletableFuture.java:510) ~[?:?]
	at java.util.concurrent.CompletableFuture.postFire(CompletableFuture.java:614) ~[?:?]
	at java.util.concurrent.CompletableFuture$UniAccept.tryFire(CompletableFuture.java:726) ~[?:?]
	at java.util.concurrent.CompletableFuture$Completion.run(CompletableFuture.java:482) ~[?:?]
	at net.minecraft.server.packs.resources.SimpleReloadInstance.m_143940_(SimpleReloadInstance.java:69) ~[server-1.18.2-20220404.173914-srg.jar%2377!/:?]
	at net.minecraft.server.packs.resources.SimpleReloadInstance.m_10834_(SimpleReloadInstance.java:68) ~[server-1.18.2-20220404.173914-srg.jar%2377!/:?]
	at java.util.concurrent.CompletableFuture$UniCompletion.claim(CompletableFuture.java:572) ~[?:?]
	at java.util.concurrent.CompletableFuture$UniAccept.tryFire(CompletableFuture.java:714) ~[?:?]
	at java.util.concurrent.CompletableFuture.postComplete(CompletableFuture.java:510) ~[?:?]
	at java.util.concurrent.CompletableFuture.postFire(CompletableFuture.java:614) ~[?:?]
	at java.util.concurrent.CompletableFuture$UniAccept.tryFire(CompletableFuture.java:726) ~[?:?]
	at java.util.concurrent.CompletableFuture$Completion.run(CompletableFuture.java:482) ~[?:?]
	at net.minecraft.server.packs.resources.SimpleReloadInstance.m_143940_(SimpleReloadInstance.java:69) ~[server-1.18.2-20220404.173914-srg.jar%2377!/:?]
	at net.minecraft.server.packs.resources.SimpleReloadInstance.m_10834_(SimpleReloadInstance.java:68) ~[server-1.18.2-20220404.173914-srg.jar%2377!/:?]
	at java.util.concurrent.CompletableFuture$UniCompletion.claim(CompletableFuture.java:572) ~[?:?]
	at java.util.concurrent.CompletableFuture$UniAccept.tryFire(CompletableFuture.java:714) ~[?:?]
	at java.util.concurrent.CompletableFuture.postComplete(CompletableFuture.java:510) ~[?:?]
	at java.util.concurrent.CompletableFuture.complete(CompletableFuture.java:2147) ~[?:?]
	at net.minecraft.server.packs.resources.SimpleReloadInstance$1.m_10855_(SimpleReloadInstance.java:51) ~[server-1.18.2-20220404.173914-srg.jar%2377!/:?]
	at net.minecraft.server.packs.resources.SimpleReloadInstance$1.m_6769_(SimpleReloadInstance.java:48) ~[server-1.18.2-20220404.173914-srg.jar%2377!/:?]
	at java.util.concurrent.CompletableFuture$UniCompose.tryFire(CompletableFuture.java:1150) [?:?]
	at java.util.concurrent.CompletableFuture.postComplete(CompletableFuture.java:510) [?:?]
	at java.util.concurrent.CompletableFuture$AsyncSupply.run(CompletableFuture.java:1773) [?:?]
	at java.util.concurrent.CompletableFuture$AsyncSupply.exec(CompletableFuture.java:1760) [?:?]
	at java.util.concurrent.ForkJoinTask.doExec(ForkJoinTask.java:373) [?:?]
	at java.util.concurrent.ForkJoinPool$WorkQueue.topLevelExec(ForkJoinPool.java:1182) [?:?]
	at java.util.concurrent.ForkJoinPool.scan(ForkJoinPool.java:1655) [?:?]
	at java.util.concurrent.ForkJoinPool.runWorker(ForkJoinPool.java:1622) [?:?]
	at java.util.concurrent.ForkJoinWorkerThread.run(ForkJoinWorkerThread.java:165) [?:?]
[11Apr2025 07:07:11.074] [Worker-Main-4/ERROR] [net.minecraft.world.item.crafting.RecipeManager/]: Parsing error loading recipe emojiful:katyou
com.google.gson.JsonSyntaxException: Invalid or unsupported recipe type 'emojiful:emoji_recipe'
	at net.minecraft.world.item.crafting.RecipeManager.m_199901_(RecipeManager.java:156) ~[server-1.18.2-20220404.173914-srg.jar%2377!/:?]
	at java.util.Optional.orElseThrow(Optional.java:403) ~[?:?]
	at net.minecraft.world.item.crafting.RecipeManager.fromJson(RecipeManager.java:155) ~[server-1.18.2-20220404.173914-srg.jar%2377!/:?]
	at net.minecraft.world.item.crafting.RecipeManager.m_5787_(RecipeManager.java:67) ~[server-1.18.2-20220404.173914-srg.jar%2377!/:?]
	at net.minecraft.world.item.crafting.RecipeManager.m_5787_(RecipeManager.java:34) ~[server-1.18.2-20220404.173914-srg.jar%2377!/:?]
	at net.minecraft.server.packs.resources.SimplePreparableReloadListener.m_10789_(SimplePreparableReloadListener.java:13) ~[server-1.18.2-20220404.173914-srg.jar%2377!/:?]
	at java.util.concurrent.CompletableFuture$UniAccept.tryFire(CompletableFuture.java:718) ~[?:?]
	at java.util.concurrent.CompletableFuture$Completion.run(CompletableFuture.java:482) ~[?:?]
	at net.minecraft.server.packs.resources.SimpleReloadInstance.m_143940_(SimpleReloadInstance.java:69) ~[server-1.18.2-20220404.173914-srg.jar%2377!/:?]
	at net.minecraft.server.packs.resources.SimpleReloadInstance.m_10834_(SimpleReloadInstance.java:68) ~[server-1.18.2-20220404.173914-srg.jar%2377!/:?]
	at java.util.concurrent.CompletableFuture$UniCompletion.claim(CompletableFuture.java:572) ~[?:?]
	at java.util.concurrent.CompletableFuture$UniAccept.tryFire(CompletableFuture.java:714) ~[?:?]
	at java.util.concurrent.CompletableFuture.postComplete(CompletableFuture.java:510) ~[?:?]
	at java.util.concurrent.CompletableFuture.postFire(CompletableFuture.java:614) ~[?:?]
	at java.util.concurrent.CompletableFuture$UniAccept.tryFire(CompletableFuture.java:726) ~[?:?]
	at java.util.concurrent.CompletableFuture$Completion.run(CompletableFuture.java:482) ~[?:?]
	at net.minecraft.server.packs.resources.SimpleReloadInstance.m_143940_(SimpleReloadInstance.java:69) ~[server-1.18.2-20220404.173914-srg.jar%2377!/:?]
	at net.minecraft.server.packs.resources.SimpleReloadInstance.m_10834_(SimpleReloadInstance.java:68) ~[server-1.18.2-20220404.173914-srg.jar%2377!/:?]
	at java.util.concurrent.CompletableFuture$UniCompletion.claim(CompletableFuture.java:572) ~[?:?]
	at java.util.concurrent.CompletableFuture$UniAccept.tryFire(CompletableFuture.java:714) ~[?:?]
	at java.util.concurrent.CompletableFuture.postComplete(CompletableFuture.java:510) ~[?:?]
	at java.util.concurrent.CompletableFuture.postFire(CompletableFuture.java:614) ~[?:?]
	at java.util.concurrent.CompletableFuture$UniAccept.tryFire(CompletableFuture.java:726) ~[?:?]
	at java.util.concurrent.CompletableFuture$Completion.run(CompletableFuture.java:482) ~[?:?]
	at net.minecraft.server.packs.resources.SimpleReloadInstance.m_143940_(SimpleReloadInstance.java:69) ~[server-1.18.2-20220404.173914-srg.jar%2377!/:?]
	at net.minecraft.server.packs.resources.SimpleReloadInstance.m_10834_(SimpleReloadInstance.java:68) ~[server-1.18.2-20220404.173914-srg.jar%2377!/:?]
	at java.util.concurrent.CompletableFuture$UniCompletion.claim(CompletableFuture.java:572) ~[?:?]
	at java.util.concurrent.CompletableFuture$UniAccept.tryFire(CompletableFuture.java:714) ~[?:?]
	at java.util.concurrent.CompletableFuture.postComplete(CompletableFuture.java:510) ~[?:?]
	at java.util.concurrent.CompletableFuture.complete(CompletableFuture.java:2147) ~[?:?]
	at net.minecraft.server.packs.resources.SimpleReloadInstance$1.m_10855_(SimpleReloadInstance.java:51) ~[server-1.18.2-20220404.173914-srg.jar%2377!/:?]
	at net.minecraft.server.packs.resources.SimpleReloadInstance$1.m_6769_(SimpleReloadInstance.java:48) ~[server-1.18.2-20220404.173914-srg.jar%2377!/:?]
	at java.util.concurrent.CompletableFuture$UniCompose.tryFire(CompletableFuture.java:1150) [?:?]
	at java.util.concurrent.CompletableFuture.postComplete(CompletableFuture.java:510) [?:?]
	at java.util.concurrent.CompletableFuture$AsyncSupply.run(CompletableFuture.java:1773) [?:?]
	at java.util.concurrent.CompletableFuture$AsyncSupply.exec(CompletableFuture.java:1760) [?:?]
	at java.util.concurrent.ForkJoinTask.doExec(ForkJoinTask.java:373) [?:?]
	at java.util.concurrent.ForkJoinPool$WorkQueue.topLevelExec(ForkJoinPool.java:1182) [?:?]
	at java.util.concurrent.ForkJoinPool.scan(ForkJoinPool.java:1655) [?:?]
	at java.util.concurrent.ForkJoinPool.runWorker(ForkJoinPool.java:1622) [?:?]
	at java.util.concurrent.ForkJoinWorkerThread.run(ForkJoinWorkerThread.java:165) [?:?]
[11Apr2025 07:07:11.121] [Worker-Main-4/INFO] [net.minecraft.world.item.crafting.RecipeManager/]: Skipping loading recipe supplementaries:inspirations/flag_clear as it's serializer returned null
[11Apr2025 07:07:11.147] [Worker-Main-4/ERROR] [net.minecraft.world.item.crafting.RecipeManager/]: Parsing error loading recipe emojiful:sound_file_uploader
com.google.gson.JsonSyntaxException: Invalid or unsupported recipe type 'emojiful:emoji_recipe'
	at net.minecraft.world.item.crafting.RecipeManager.m_199901_(RecipeManager.java:156) ~[server-1.18.2-20220404.173914-srg.jar%2377!/:?]
	at java.util.Optional.orElseThrow(Optional.java:403) ~[?:?]
	at net.minecraft.world.item.crafting.RecipeManager.fromJson(RecipeManager.java:155) ~[server-1.18.2-20220404.173914-srg.jar%2377!/:?]
	at net.minecraft.world.item.crafting.RecipeManager.m_5787_(RecipeManager.java:67) ~[server-1.18.2-20220404.173914-srg.jar%2377!/:?]
	at net.minecraft.world.item.crafting.RecipeManager.m_5787_(RecipeManager.java:34) ~[server-1.18.2-20220404.173914-srg.jar%2377!/:?]
	at net.minecraft.server.packs.resources.SimplePreparableReloadListener.m_10789_(SimplePreparableReloadListener.java:13) ~[server-1.18.2-20220404.173914-srg.jar%2377!/:?]
	at java.util.concurrent.CompletableFuture$UniAccept.tryFire(CompletableFuture.java:718) ~[?:?]
	at java.util.concurrent.CompletableFuture$Completion.run(CompletableFuture.java:482) ~[?:?]
	at net.minecraft.server.packs.resources.SimpleReloadInstance.m_143940_(SimpleReloadInstance.java:69) ~[server-1.18.2-20220404.173914-srg.jar%2377!/:?]
	at net.minecraft.server.packs.resources.SimpleReloadInstance.m_10834_(SimpleReloadInstance.java:68) ~[server-1.18.2-20220404.173914-srg.jar%2377!/:?]
	at java.util.concurrent.CompletableFuture$UniCompletion.claim(CompletableFuture.java:572) ~[?:?]
	at java.util.concurrent.CompletableFuture$UniAccept.tryFire(CompletableFuture.java:714) ~[?:?]
	at java.util.concurrent.CompletableFuture.postComplete(CompletableFuture.java:510) ~[?:?]
	at java.util.concurrent.CompletableFuture.postFire(CompletableFuture.java:614) ~[?:?]
	at java.util.concurrent.CompletableFuture$UniAccept.tryFire(CompletableFuture.java:726) ~[?:?]
	at java.util.concurrent.CompletableFuture$Completion.run(CompletableFuture.java:482) ~[?:?]
	at net.minecraft.server.packs.resources.SimpleReloadInstance.m_143940_(SimpleReloadInstance.java:69) ~[server-1.18.2-20220404.173914-srg.jar%2377!/:?]
	at net.minecraft.server.packs.resources.SimpleReloadInstance.m_10834_(SimpleReloadInstance.java:68) ~[server-1.18.2-20220404.173914-srg.jar%2377!/:?]
	at java.util.concurrent.CompletableFuture$UniCompletion.claim(CompletableFuture.java:572) ~[?:?]
	at java.util.concurrent.CompletableFuture$UniAccept.tryFire(CompletableFuture.java:714) ~[?:?]
	at java.util.concurrent.CompletableFuture.postComplete(CompletableFuture.java:510) ~[?:?]
	at java.util.concurrent.CompletableFuture.postFire(CompletableFuture.java:614) ~[?:?]
	at java.util.concurrent.CompletableFuture$UniAccept.tryFire(CompletableFuture.java:726) ~[?:?]
	at java.util.concurrent.CompletableFuture$Completion.run(CompletableFuture.java:482) ~[?:?]
	at net.minecraft.server.packs.resources.SimpleReloadInstance.m_143940_(SimpleReloadInstance.java:69) ~[server-1.18.2-20220404.173914-srg.jar%2377!/:?]
	at net.minecraft.server.packs.resources.SimpleReloadInstance.m_10834_(SimpleReloadInstance.java:68) ~[server-1.18.2-20220404.173914-srg.jar%2377!/:?]
	at java.util.concurrent.CompletableFuture$UniCompletion.claim(CompletableFuture.java:572) ~[?:?]
	at java.util.concurrent.CompletableFuture$UniAccept.tryFire(CompletableFuture.java:714) ~[?:?]
	at java.util.concurrent.CompletableFuture.postComplete(CompletableFuture.java:510) ~[?:?]
	at java.util.concurrent.CompletableFuture.complete(CompletableFuture.java:2147) ~[?:?]
	at net.minecraft.server.packs.resources.SimpleReloadInstance$1.m_10855_(SimpleReloadInstance.java:51) ~[server-1.18.2-20220404.173914-srg.jar%2377!/:?]
	at net.minecraft.server.packs.resources.SimpleReloadInstance$1.m_6769_(SimpleReloadInstance.java:48) ~[server-1.18.2-20220404.173914-srg.jar%2377!/:?]
	at java.util.concurrent.CompletableFuture$UniCompose.tryFire(CompletableFuture.java:1150) [?:?]
	at java.util.concurrent.CompletableFuture.postComplete(CompletableFuture.java:510) [?:?]
	at java.util.concurrent.CompletableFuture$AsyncSupply.run(CompletableFuture.java:1773) [?:?]
	at java.util.concurrent.CompletableFuture$AsyncSupply.exec(CompletableFuture.java:1760) [?:?]
	at java.util.concurrent.ForkJoinTask.doExec(ForkJoinTask.java:373) [?:?]
	at java.util.concurrent.ForkJoinPool$WorkQueue.topLevelExec(ForkJoinPool.java:1182) [?:?]
	at java.util.concurrent.ForkJoinPool.scan(ForkJoinPool.java:1655) [?:?]
	at java.util.concurrent.ForkJoinPool.runWorker(ForkJoinPool.java:1622) [?:?]
	at java.util.concurrent.ForkJoinWorkerThread.run(ForkJoinWorkerThread.java:165) [?:?]
[11Apr2025 07:07:11.191] [Worker-Main-4/ERROR] [net.minecraft.world.item.crafting.RecipeManager/]: Parsing error loading recipe emojiful:parabolic_antenna
com.google.gson.JsonSyntaxException: Invalid or unsupported recipe type 'emojiful:emoji_recipe'
	at net.minecraft.world.item.crafting.RecipeManager.m_199901_(RecipeManager.java:156) ~[server-1.18.2-20220404.173914-srg.jar%2377!/:?]
	at java.util.Optional.orElseThrow(Optional.java:403) ~[?:?]
	at net.minecraft.world.item.crafting.RecipeManager.fromJson(RecipeManager.java:155) ~[server-1.18.2-20220404.173914-srg.jar%2377!/:?]
	at net.minecraft.world.item.crafting.RecipeManager.m_5787_(RecipeManager.java:67) ~[server-1.18.2-20220404.173914-srg.jar%2377!/:?]
	at net.minecraft.world.item.crafting.RecipeManager.m_5787_(RecipeManager.java:34) ~[server-1.18.2-20220404.173914-srg.jar%2377!/:?]
	at net.minecraft.server.packs.resources.SimplePreparableReloadListener.m_10789_(SimplePreparableReloadListener.java:13) ~[server-1.18.2-20220404.173914-srg.jar%2377!/:?]
	at java.util.concurrent.CompletableFuture$UniAccept.tryFire(CompletableFuture.java:718) ~[?:?]
	at java.util.concurrent.CompletableFuture$Completion.run(CompletableFuture.java:482) ~[?:?]
	at net.minecraft.server.packs.resources.SimpleReloadInstance.m_143940_(SimpleReloadInstance.java:69) ~[server-1.18.2-20220404.173914-srg.jar%2377!/:?]
	at net.minecraft.server.packs.resources.SimpleReloadInstance.m_10834_(SimpleReloadInstance.java:68) ~[server-1.18.2-20220404.173914-srg.jar%2377!/:?]
	at java.util.concurrent.CompletableFuture$UniCompletion.claim(CompletableFuture.java:572) ~[?:?]
	at java.util.concurrent.CompletableFuture$UniAccept.tryFire(CompletableFuture.java:714) ~[?:?]
	at java.util.concurrent.CompletableFuture.postComplete(CompletableFuture.java:510) ~[?:?]
	at java.util.concurrent.CompletableFuture.postFire(CompletableFuture.java:614) ~[?:?]
	at java.util.concurrent.CompletableFuture$UniAccept.tryFire(CompletableFuture.java:726) ~[?:?]
	at java.util.concurrent.CompletableFuture$Completion.run(CompletableFuture.java:482) ~[?:?]
	at net.minecraft.server.packs.resources.SimpleReloadInstance.m_143940_(SimpleReloadInstance.java:69) ~[server-1.18.2-20220404.173914-srg.jar%2377!/:?]
	at net.minecraft.server.packs.resources.SimpleReloadInstance.m_10834_(SimpleReloadInstance.java:68) ~[server-1.18.2-20220404.173914-srg.jar%2377!/:?]
	at java.util.concurrent.CompletableFuture$UniCompletion.claim(CompletableFuture.java:572) ~[?:?]
	at java.util.concurrent.CompletableFuture$UniAccept.tryFire(CompletableFuture.java:714) ~[?:?]
	at java.util.concurrent.CompletableFuture.postComplete(CompletableFuture.java:510) ~[?:?]
	at java.util.concurrent.CompletableFuture.postFire(CompletableFuture.java:614) ~[?:?]
	at java.util.concurrent.CompletableFuture$UniAccept.tryFire(CompletableFuture.java:726) ~[?:?]
	at java.util.concurrent.CompletableFuture$Completion.run(CompletableFuture.java:482) ~[?:?]
	at net.minecraft.server.packs.resources.SimpleReloadInstance.m_143940_(SimpleReloadInstance.java:69) ~[server-1.18.2-20220404.173914-srg.jar%2377!/:?]
	at net.minecraft.server.packs.resources.SimpleReloadInstance.m_10834_(SimpleReloadInstance.java:68) ~[server-1.18.2-20220404.173914-srg.jar%2377!/:?]
	at java.util.concurrent.CompletableFuture$UniCompletion.claim(CompletableFuture.java:572) ~[?:?]
	at java.util.concurrent.CompletableFuture$UniAccept.tryFire(CompletableFuture.java:714) ~[?:?]
	at java.util.concurrent.CompletableFuture.postComplete(CompletableFuture.java:510) ~[?:?]
	at java.util.concurrent.CompletableFuture.complete(CompletableFuture.java:2147) ~[?:?]
	at net.minecraft.server.packs.resources.SimpleReloadInstance$1.m_10855_(SimpleReloadInstance.java:51) ~[server-1.18.2-20220404.173914-srg.jar%2377!/:?]
	at net.minecraft.server.packs.resources.SimpleReloadInstance$1.m_6769_(SimpleReloadInstance.java:48) ~[server-1.18.2-20220404.173914-srg.jar%2377!/:?]
	at java.util.concurrent.CompletableFuture$UniCompose.tryFire(CompletableFuture.java:1150) [?:?]
	at java.util.concurrent.CompletableFuture.postComplete(CompletableFuture.java:510) [?:?]
	at java.util.concurrent.CompletableFuture$AsyncSupply.run(CompletableFuture.java:1773) [?:?]
	at java.util.concurrent.CompletableFuture$AsyncSupply.exec(CompletableFuture.java:1760) [?:?]
	at java.util.concurrent.ForkJoinTask.doExec(ForkJoinTask.java:373) [?:?]
	at java.util.concurrent.ForkJoinPool$WorkQueue.topLevelExec(ForkJoinPool.java:1182) [?:?]
	at java.util.concurrent.ForkJoinPool.scan(ForkJoinPool.java:1655) [?:?]
	at java.util.concurrent.ForkJoinPool.runWorker(ForkJoinPool.java:1622) [?:?]
	at java.util.concurrent.ForkJoinWorkerThread.run(ForkJoinWorkerThread.java:165) [?:?]
[11Apr2025 07:07:11.195] [Worker-Main-4/INFO] [net.minecraft.world.item.crafting.RecipeManager/]: Skipping loading recipe supplementaries:spiky_bomb_2 as it's serializer returned null
[11Apr2025 07:07:11.199] [Worker-Main-4/ERROR] [net.minecraft.world.item.crafting.RecipeManager/]: Parsing error loading recipe iammusicplayer:manual
com.google.gson.JsonSyntaxException: Unknown item 'iammusicplayer:manual'
	at net.minecraftforge.common.crafting.CraftingHelper.getItem(CraftingHelper.java:155) ~[forge-1.18.2-40.2.9-universal.jar%2382!/:?]
	at net.minecraftforge.common.crafting.CraftingHelper.getItemStack(CraftingHelper.java:181) ~[forge-1.18.2-40.2.9-universal.jar%2382!/:?]
	at net.minecraft.world.item.crafting.ShapedRecipe.m_151274_(ShapedRecipe.java:270) ~[server-1.18.2-20220404.173914-srg.jar%2377!/:?]
	at net.minecraft.world.item.crafting.ShapelessRecipe$Serializer.m_6729_(ShapelessRecipe.java:87) ~[server-1.18.2-20220404.173914-srg.jar%2377!/:?]
	at net.minecraft.world.item.crafting.ShapelessRecipe$Serializer.m_6729_(ShapelessRecipe.java:77) ~[server-1.18.2-20220404.173914-srg.jar%2377!/:?]
	at net.minecraftforge.common.extensions.IForgeRecipeSerializer.fromJson(IForgeRecipeSerializer.java:23) ~[forge-1.18.2-40.2.9-universal.jar%2382!/:?]
	at net.minecraft.world.item.crafting.RecipeManager.fromJson(RecipeManager.java:157) ~[server-1.18.2-20220404.173914-srg.jar%2377!/:?]
	at net.minecraft.world.item.crafting.RecipeManager.m_5787_(RecipeManager.java:67) ~[server-1.18.2-20220404.173914-srg.jar%2377!/:?]
	at net.minecraft.world.item.crafting.RecipeManager.m_5787_(RecipeManager.java:34) ~[server-1.18.2-20220404.173914-srg.jar%2377!/:?]
	at net.minecraft.server.packs.resources.SimplePreparableReloadListener.m_10789_(SimplePreparableReloadListener.java:13) ~[server-1.18.2-20220404.173914-srg.jar%2377!/:?]
	at java.util.concurrent.CompletableFuture$UniAccept.tryFire(CompletableFuture.java:718) ~[?:?]
	at java.util.concurrent.CompletableFuture$Completion.run(CompletableFuture.java:482) ~[?:?]
	at net.minecraft.server.packs.resources.SimpleReloadInstance.m_143940_(SimpleReloadInstance.java:69) ~[server-1.18.2-20220404.173914-srg.jar%2377!/:?]
	at net.minecraft.server.packs.resources.SimpleReloadInstance.m_10834_(SimpleReloadInstance.java:68) ~[server-1.18.2-20220404.173914-srg.jar%2377!/:?]
	at java.util.concurrent.CompletableFuture$UniCompletion.claim(CompletableFuture.java:572) ~[?:?]
	at java.util.concurrent.CompletableFuture$UniAccept.tryFire(CompletableFuture.java:714) ~[?:?]
	at java.util.concurrent.CompletableFuture.postComplete(CompletableFuture.java:510) ~[?:?]
	at java.util.concurrent.CompletableFuture.postFire(CompletableFuture.java:614) ~[?:?]
	at java.util.concurrent.CompletableFuture$UniAccept.tryFire(CompletableFuture.java:726) ~[?:?]
	at java.util.concurrent.CompletableFuture$Completion.run(CompletableFuture.java:482) ~[?:?]
	at net.minecraft.server.packs.resources.SimpleReloadInstance.m_143940_(SimpleReloadInstance.java:69) ~[server-1.18.2-20220404.173914-srg.jar%2377!/:?]
	at net.minecraft.server.packs.resources.SimpleReloadInstance.m_10834_(SimpleReloadInstance.java:68) ~[server-1.18.2-20220404.173914-srg.jar%2377!/:?]
	at java.util.concurrent.CompletableFuture$UniCompletion.claim(CompletableFuture.java:572) ~[?:?]
	at java.util.concurrent.CompletableFuture$UniAccept.tryFire(CompletableFuture.java:714) ~[?:?]
	at java.util.concurrent.CompletableFuture.postComplete(CompletableFuture.java:510) ~[?:?]
	at java.util.concurrent.CompletableFuture.postFire(CompletableFuture.java:614) ~[?:?]
	at java.util.concurrent.CompletableFuture$UniAccept.tryFire(CompletableFuture.java:726) ~[?:?]
	at java.util.concurrent.CompletableFuture$Completion.run(CompletableFuture.java:482) ~[?:?]
	at net.minecraft.server.packs.resources.SimpleReloadInstance.m_143940_(SimpleReloadInstance.java:69) ~[server-1.18.2-20220404.173914-srg.jar%2377!/:?]
	at net.minecraft.server.packs.resources.SimpleReloadInstance.m_10834_(SimpleReloadInstance.java:68) ~[server-1.18.2-20220404.173914-srg.jar%2377!/:?]
	at java.util.concurrent.CompletableFuture$UniCompletion.claim(CompletableFuture.java:572) ~[?:?]
	at java.util.concurrent.CompletableFuture$UniAccept.tryFire(CompletableFuture.java:714) ~[?:?]
	at java.util.concurrent.CompletableFuture.postComplete(CompletableFuture.java:510) ~[?:?]
	at java.util.concurrent.CompletableFuture.complete(CompletableFuture.java:2147) ~[?:?]
	at net.minecraft.server.packs.resources.SimpleReloadInstance$1.m_10855_(SimpleReloadInstance.java:51) ~[server-1.18.2-20220404.173914-srg.jar%2377!/:?]
	at net.minecraft.server.packs.resources.SimpleReloadInstance$1.m_6769_(SimpleReloadInstance.java:48) ~[server-1.18.2-20220404.173914-srg.jar%2377!/:?]
	at java.util.concurrent.CompletableFuture$UniCompose.tryFire(CompletableFuture.java:1150) [?:?]
	at java.util.concurrent.CompletableFuture.postComplete(CompletableFuture.java:510) [?:?]
	at java.util.concurrent.CompletableFuture$AsyncSupply.run(CompletableFuture.java:1773) [?:?]
	at java.util.concurrent.CompletableFuture$AsyncSupply.exec(CompletableFuture.java:1760) [?:?]
	at java.util.concurrent.ForkJoinTask.doExec(ForkJoinTask.java:373) [?:?]
	at java.util.concurrent.ForkJoinPool$WorkQueue.topLevelExec(ForkJoinPool.java:1182) [?:?]
	at java.util.concurrent.ForkJoinPool.scan(ForkJoinPool.java:1655) [?:?]
	at java.util.concurrent.ForkJoinPool.runWorker(ForkJoinPool.java:1622) [?:?]
	at java.util.concurrent.ForkJoinWorkerThread.run(ForkJoinWorkerThread.java:165) [?:?]
[11Apr2025 07:07:11.249] [Worker-Main-4/ERROR] [net.minecraft.world.item.crafting.RecipeManager/]: Parsing error loading recipe emojiful:old_cassette_tape
com.google.gson.JsonSyntaxException: Invalid or unsupported recipe type 'emojiful:emoji_recipe'
	at net.minecraft.world.item.crafting.RecipeManager.m_199901_(RecipeManager.java:156) ~[server-1.18.2-20220404.173914-srg.jar%2377!/:?]
	at java.util.Optional.orElseThrow(Optional.java:403) ~[?:?]
	at net.minecraft.world.item.crafting.RecipeManager.fromJson(RecipeManager.java:155) ~[server-1.18.2-20220404.173914-srg.jar%2377!/:?]
	at net.minecraft.world.item.crafting.RecipeManager.m_5787_(RecipeManager.java:67) ~[server-1.18.2-20220404.173914-srg.jar%2377!/:?]
	at net.minecraft.world.item.crafting.RecipeManager.m_5787_(RecipeManager.java:34) ~[server-1.18.2-20220404.173914-srg.jar%2377!/:?]
	at net.minecraft.server.packs.resources.SimplePreparableReloadListener.m_10789_(SimplePreparableReloadListener.java:13) ~[server-1.18.2-20220404.173914-srg.jar%2377!/:?]
	at java.util.concurrent.CompletableFuture$UniAccept.tryFire(CompletableFuture.java:718) ~[?:?]
	at java.util.concurrent.CompletableFuture$Completion.run(CompletableFuture.java:482) ~[?:?]
	at net.minecraft.server.packs.resources.SimpleReloadInstance.m_143940_(SimpleReloadInstance.java:69) ~[server-1.18.2-20220404.173914-srg.jar%2377!/:?]
	at net.minecraft.server.packs.resources.SimpleReloadInstance.m_10834_(SimpleReloadInstance.java:68) ~[server-1.18.2-20220404.173914-srg.jar%2377!/:?]
	at java.util.concurrent.CompletableFuture$UniCompletion.claim(CompletableFuture.java:572) ~[?:?]
	at java.util.concurrent.CompletableFuture$UniAccept.tryFire(CompletableFuture.java:714) ~[?:?]
	at java.util.concurrent.CompletableFuture.postComplete(CompletableFuture.java:510) ~[?:?]
	at java.util.concurrent.CompletableFuture.postFire(CompletableFuture.java:614) ~[?:?]
	at java.util.concurrent.CompletableFuture$UniAccept.tryFire(CompletableFuture.java:726) ~[?:?]
	at java.util.concurrent.CompletableFuture$Completion.run(CompletableFuture.java:482) ~[?:?]
	at net.minecraft.server.packs.resources.SimpleReloadInstance.m_143940_(SimpleReloadInstance.java:69) ~[server-1.18.2-20220404.173914-srg.jar%2377!/:?]
	at net.minecraft.server.packs.resources.SimpleReloadInstance.m_10834_(SimpleReloadInstance.java:68) ~[server-1.18.2-20220404.173914-srg.jar%2377!/:?]
	at java.util.concurrent.CompletableFuture$UniCompletion.claim(CompletableFuture.java:572) ~[?:?]
	at java.util.concurrent.CompletableFuture$UniAccept.tryFire(CompletableFuture.java:714) ~[?:?]
	at java.util.concurrent.CompletableFuture.postComplete(CompletableFuture.java:510) ~[?:?]
	at java.util.concurrent.CompletableFuture.postFire(CompletableFuture.java:614) ~[?:?]
	at java.util.concurrent.CompletableFuture$UniAccept.tryFire(CompletableFuture.java:726) ~[?:?]
	at java.util.concurrent.CompletableFuture$Completion.run(CompletableFuture.java:482) ~[?:?]
	at net.minecraft.server.packs.resources.SimpleReloadInstance.m_143940_(SimpleReloadInstance.java:69) ~[server-1.18.2-20220404.173914-srg.jar%2377!/:?]
	at net.minecraft.server.packs.resources.SimpleReloadInstance.m_10834_(SimpleReloadInstance.java:68) ~[server-1.18.2-20220404.173914-srg.jar%2377!/:?]
	at java.util.concurrent.CompletableFuture$UniCompletion.claim(CompletableFuture.java:572) ~[?:?]
	at java.util.concurrent.CompletableFuture$UniAccept.tryFire(CompletableFuture.java:714) ~[?:?]
	at java.util.concurrent.CompletableFuture.postComplete(CompletableFuture.java:510) ~[?:?]
	at java.util.concurrent.CompletableFuture.complete(CompletableFuture.java:2147) ~[?:?]
	at net.minecraft.server.packs.resources.SimpleReloadInstance$1.m_10855_(SimpleReloadInstance.java:51) ~[server-1.18.2-20220404.173914-srg.jar%2377!/:?]
	at net.minecraft.server.packs.resources.SimpleReloadInstance$1.m_6769_(SimpleReloadInstance.java:48) ~[server-1.18.2-20220404.173914-srg.jar%2377!/:?]
	at java.util.concurrent.CompletableFuture$UniCompose.tryFire(CompletableFuture.java:1150) [?:?]
	at java.util.concurrent.CompletableFuture.postComplete(CompletableFuture.java:510) [?:?]
	at java.util.concurrent.CompletableFuture$AsyncSupply.run(CompletableFuture.java:1773) [?:?]
	at java.util.concurrent.CompletableFuture$AsyncSupply.exec(CompletableFuture.java:1760) [?:?]
	at java.util.concurrent.ForkJoinTask.doExec(ForkJoinTask.java:373) [?:?]
	at java.util.concurrent.ForkJoinPool$WorkQueue.topLevelExec(ForkJoinPool.java:1182) [?:?]
	at java.util.concurrent.ForkJoinPool.scan(ForkJoinPool.java:1655) [?:?]
	at java.util.concurrent.ForkJoinPool.runWorker(ForkJoinPool.java:1622) [?:?]
	at java.util.concurrent.ForkJoinWorkerThread.run(ForkJoinWorkerThread.java:165) [?:?]
[11Apr2025 07:07:11.287] [Worker-Main-4/ERROR] [net.minecraft.world.item.crafting.RecipeManager/]: Parsing error loading recipe emojiful:music_manager
com.google.gson.JsonSyntaxException: Invalid or unsupported recipe type 'emojiful:emoji_recipe'
	at net.minecraft.world.item.crafting.RecipeManager.m_199901_(RecipeManager.java:156) ~[server-1.18.2-20220404.173914-srg.jar%2377!/:?]
	at java.util.Optional.orElseThrow(Optional.java:403) ~[?:?]
	at net.minecraft.world.item.crafting.RecipeManager.fromJson(RecipeManager.java:155) ~[server-1.18.2-20220404.173914-srg.jar%2377!/:?]
	at net.minecraft.world.item.crafting.RecipeManager.m_5787_(RecipeManager.java:67) ~[server-1.18.2-20220404.173914-srg.jar%2377!/:?]
	at net.minecraft.world.item.crafting.RecipeManager.m_5787_(RecipeManager.java:34) ~[server-1.18.2-20220404.173914-srg.jar%2377!/:?]
	at net.minecraft.server.packs.resources.SimplePreparableReloadListener.m_10789_(SimplePreparableReloadListener.java:13) ~[server-1.18.2-20220404.173914-srg.jar%2377!/:?]
	at java.util.concurrent.CompletableFuture$UniAccept.tryFire(CompletableFuture.java:718) ~[?:?]
	at java.util.concurrent.CompletableFuture$Completion.run(CompletableFuture.java:482) ~[?:?]
	at net.minecraft.server.packs.resources.SimpleReloadInstance.m_143940_(SimpleReloadInstance.java:69) ~[server-1.18.2-20220404.173914-srg.jar%2377!/:?]
	at net.minecraft.server.packs.resources.SimpleReloadInstance.m_10834_(SimpleReloadInstance.java:68) ~[server-1.18.2-20220404.173914-srg.jar%2377!/:?]
	at java.util.concurrent.CompletableFuture$UniCompletion.claim(CompletableFuture.java:572) ~[?:?]
	at java.util.concurrent.CompletableFuture$UniAccept.tryFire(CompletableFuture.java:714) ~[?:?]
	at java.util.concurrent.CompletableFuture.postComplete(CompletableFuture.java:510) ~[?:?]
	at java.util.concurrent.CompletableFuture.postFire(CompletableFuture.java:614) ~[?:?]
	at java.util.concurrent.CompletableFuture$UniAccept.tryFire(CompletableFuture.java:726) ~[?:?]
	at java.util.concurrent.CompletableFuture$Completion.run(CompletableFuture.java:482) ~[?:?]
	at net.minecraft.server.packs.resources.SimpleReloadInstance.m_143940_(SimpleReloadInstance.java:69) ~[server-1.18.2-20220404.173914-srg.jar%2377!/:?]
	at net.minecraft.server.packs.resources.SimpleReloadInstance.m_10834_(SimpleReloadInstance.java:68) ~[server-1.18.2-20220404.173914-srg.jar%2377!/:?]
	at java.util.concurrent.CompletableFuture$UniCompletion.claim(CompletableFuture.java:572) ~[?:?]
	at java.util.concurrent.CompletableFuture$UniAccept.tryFire(CompletableFuture.java:714) ~[?:?]
	at java.util.concurrent.CompletableFuture.postComplete(CompletableFuture.java:510) ~[?:?]
	at java.util.concurrent.CompletableFuture.postFire(CompletableFuture.java:614) ~[?:?]
	at java.util.concurrent.CompletableFuture$UniAccept.tryFire(CompletableFuture.java:726) ~[?:?]
	at java.util.concurrent.CompletableFuture$Completion.run(CompletableFuture.java:482) ~[?:?]
	at net.minecraft.server.packs.resources.SimpleReloadInstance.m_143940_(SimpleReloadInstance.java:69) ~[server-1.18.2-20220404.173914-srg.jar%2377!/:?]
	at net.minecraft.server.packs.resources.SimpleReloadInstance.m_10834_(SimpleReloadInstance.java:68) ~[server-1.18.2-20220404.173914-srg.jar%2377!/:?]
	at java.util.concurrent.CompletableFuture$UniCompletion.claim(CompletableFuture.java:572) ~[?:?]
	at java.util.concurrent.CompletableFuture$UniAccept.tryFire(CompletableFuture.java:714) ~[?:?]
	at java.util.concurrent.CompletableFuture.postComplete(CompletableFuture.java:510) ~[?:?]
	at java.util.concurrent.CompletableFuture.complete(CompletableFuture.java:2147) ~[?:?]
	at net.minecraft.server.packs.resources.SimpleReloadInstance$1.m_10855_(SimpleReloadInstance.java:51) ~[server-1.18.2-20220404.173914-srg.jar%2377!/:?]
	at net.minecraft.server.packs.resources.SimpleReloadInstance$1.m_6769_(SimpleReloadInstance.java:48) ~[server-1.18.2-20220404.173914-srg.jar%2377!/:?]
	at java.util.concurrent.CompletableFuture$UniCompose.tryFire(CompletableFuture.java:1150) [?:?]
	at java.util.concurrent.CompletableFuture.postComplete(CompletableFuture.java:510) [?:?]
	at java.util.concurrent.CompletableFuture$AsyncSupply.run(CompletableFuture.java:1773) [?:?]
	at java.util.concurrent.CompletableFuture$AsyncSupply.exec(CompletableFuture.java:1760) [?:?]
	at java.util.concurrent.ForkJoinTask.doExec(ForkJoinTask.java:373) [?:?]
	at java.util.concurrent.ForkJoinPool$WorkQueue.topLevelExec(ForkJoinPool.java:1182) [?:?]
	at java.util.concurrent.ForkJoinPool.scan(ForkJoinPool.java:1655) [?:?]
	at java.util.concurrent.ForkJoinPool.runWorker(ForkJoinPool.java:1622) [?:?]
	at java.util.concurrent.ForkJoinWorkerThread.run(ForkJoinWorkerThread.java:165) [?:?]
[11Apr2025 07:07:11.293] [Worker-Main-4/ERROR] [net.minecraft.world.item.crafting.RecipeManager/]: Parsing error loading recipe emojiful:cassette_tape
com.google.gson.JsonSyntaxException: Invalid or unsupported recipe type 'emojiful:emoji_recipe'
	at net.minecraft.world.item.crafting.RecipeManager.m_199901_(RecipeManager.java:156) ~[server-1.18.2-20220404.173914-srg.jar%2377!/:?]
	at java.util.Optional.orElseThrow(Optional.java:403) ~[?:?]
	at net.minecraft.world.item.crafting.RecipeManager.fromJson(RecipeManager.java:155) ~[server-1.18.2-20220404.173914-srg.jar%2377!/:?]
	at net.minecraft.world.item.crafting.RecipeManager.m_5787_(RecipeManager.java:67) ~[server-1.18.2-20220404.173914-srg.jar%2377!/:?]
	at net.minecraft.world.item.crafting.RecipeManager.m_5787_(RecipeManager.java:34) ~[server-1.18.2-20220404.173914-srg.jar%2377!/:?]
	at net.minecraft.server.packs.resources.SimplePreparableReloadListener.m_10789_(SimplePreparableReloadListener.java:13) ~[server-1.18.2-20220404.173914-srg.jar%2377!/:?]
	at java.util.concurrent.CompletableFuture$UniAccept.tryFire(CompletableFuture.java:718) ~[?:?]
	at java.util.concurrent.CompletableFuture$Completion.run(CompletableFuture.java:482) ~[?:?]
	at net.minecraft.server.packs.resources.SimpleReloadInstance.m_143940_(SimpleReloadInstance.java:69) ~[server-1.18.2-20220404.173914-srg.jar%2377!/:?]
	at net.minecraft.server.packs.resources.SimpleReloadInstance.m_10834_(SimpleReloadInstance.java:68) ~[server-1.18.2-20220404.173914-srg.jar%2377!/:?]
	at java.util.concurrent.CompletableFuture$UniCompletion.claim(CompletableFuture.java:572) ~[?:?]
	at java.util.concurrent.CompletableFuture$UniAccept.tryFire(CompletableFuture.java:714) ~[?:?]
	at java.util.concurrent.CompletableFuture.postComplete(CompletableFuture.java:510) ~[?:?]
	at java.util.concurrent.CompletableFuture.postFire(CompletableFuture.java:614) ~[?:?]
	at java.util.concurrent.CompletableFuture$UniAccept.tryFire(CompletableFuture.java:726) ~[?:?]
	at java.util.concurrent.CompletableFuture$Completion.run(CompletableFuture.java:482) ~[?:?]
	at net.minecraft.server.packs.resources.SimpleReloadInstance.m_143940_(SimpleReloadInstance.java:69) ~[server-1.18.2-20220404.173914-srg.jar%2377!/:?]
	at net.minecraft.server.packs.resources.SimpleReloadInstance.m_10834_(SimpleReloadInstance.java:68) ~[server-1.18.2-20220404.173914-srg.jar%2377!/:?]
	at java.util.concurrent.CompletableFuture$UniCompletion.claim(CompletableFuture.java:572) ~[?:?]
	at java.util.concurrent.CompletableFuture$UniAccept.tryFire(CompletableFuture.java:714) ~[?:?]
	at java.util.concurrent.CompletableFuture.postComplete(CompletableFuture.java:510) ~[?:?]
	at java.util.concurrent.CompletableFuture.postFire(CompletableFuture.java:614) ~[?:?]
	at java.util.concurrent.CompletableFuture$UniAccept.tryFire(CompletableFuture.java:726) ~[?:?]
	at java.util.concurrent.CompletableFuture$Completion.run(CompletableFuture.java:482) ~[?:?]
	at net.minecraft.server.packs.resources.SimpleReloadInstance.m_143940_(SimpleReloadInstance.java:69) ~[server-1.18.2-20220404.173914-srg.jar%2377!/:?]
	at net.minecraft.server.packs.resources.SimpleReloadInstance.m_10834_(SimpleReloadInstance.java:68) ~[server-1.18.2-20220404.173914-srg.jar%2377!/:?]
	at java.util.concurrent.CompletableFuture$UniCompletion.claim(CompletableFuture.java:572) ~[?:?]
	at java.util.concurrent.CompletableFuture$UniAccept.tryFire(CompletableFuture.java:714) ~[?:?]
	at java.util.concurrent.CompletableFuture.postComplete(CompletableFuture.java:510) ~[?:?]
	at java.util.concurrent.CompletableFuture.complete(CompletableFuture.java:2147) ~[?:?]
	at net.minecraft.server.packs.resources.SimpleReloadInstance$1.m_10855_(SimpleReloadInstance.java:51) ~[server-1.18.2-20220404.173914-srg.jar%2377!/:?]
	at net.minecraft.server.packs.resources.SimpleReloadInstance$1.m_6769_(SimpleReloadInstance.java:48) ~[server-1.18.2-20220404.173914-srg.jar%2377!/:?]
	at java.util.concurrent.CompletableFuture$UniCompose.tryFire(CompletableFuture.java:1150) [?:?]
	at java.util.concurrent.CompletableFuture.postComplete(CompletableFuture.java:510) [?:?]
	at java.util.concurrent.CompletableFuture$AsyncSupply.run(CompletableFuture.java:1773) [?:?]
	at java.util.concurrent.CompletableFuture$AsyncSupply.exec(CompletableFuture.java:1760) [?:?]
	at java.util.concurrent.ForkJoinTask.doExec(ForkJoinTask.java:373) [?:?]
	at java.util.concurrent.ForkJoinPool$WorkQueue.topLevelExec(ForkJoinPool.java:1182) [?:?]
	at java.util.concurrent.ForkJoinPool.scan(ForkJoinPool.java:1655) [?:?]
	at java.util.concurrent.ForkJoinPool.runWorker(ForkJoinPool.java:1622) [?:?]
	at java.util.concurrent.ForkJoinWorkerThread.run(ForkJoinWorkerThread.java:165) [?:?]
[11Apr2025 07:07:11.305] [Worker-Main-4/ERROR] [net.minecraft.world.item.crafting.RecipeManager/]: Parsing error loading recipe emojiful:first_parabolic_antenna
com.google.gson.JsonSyntaxException: Invalid or unsupported recipe type 'emojiful:emoji_recipe'
	at net.minecraft.world.item.crafting.RecipeManager.m_199901_(RecipeManager.java:156) ~[server-1.18.2-20220404.173914-srg.jar%2377!/:?]
	at java.util.Optional.orElseThrow(Optional.java:403) ~[?:?]
	at net.minecraft.world.item.crafting.RecipeManager.fromJson(RecipeManager.java:155) ~[server-1.18.2-20220404.173914-srg.jar%2377!/:?]
	at net.minecraft.world.item.crafting.RecipeManager.m_5787_(RecipeManager.java:67) ~[server-1.18.2-20220404.173914-srg.jar%2377!/:?]
	at net.minecraft.world.item.crafting.RecipeManager.m_5787_(RecipeManager.java:34) ~[server-1.18.2-20220404.173914-srg.jar%2377!/:?]
	at net.minecraft.server.packs.resources.SimplePreparableReloadListener.m_10789_(SimplePreparableReloadListener.java:13) ~[server-1.18.2-20220404.173914-srg.jar%2377!/:?]
	at java.util.concurrent.CompletableFuture$UniAccept.tryFire(CompletableFuture.java:718) ~[?:?]
	at java.util.concurrent.CompletableFuture$Completion.run(CompletableFuture.java:482) ~[?:?]
	at net.minecraft.server.packs.resources.SimpleReloadInstance.m_143940_(SimpleReloadInstance.java:69) ~[server-1.18.2-20220404.173914-srg.jar%2377!/:?]
	at net.minecraft.server.packs.resources.SimpleReloadInstance.m_10834_(SimpleReloadInstance.java:68) ~[server-1.18.2-20220404.173914-srg.jar%2377!/:?]
	at java.util.concurrent.CompletableFuture$UniCompletion.claim(CompletableFuture.java:572) ~[?:?]
	at java.util.concurrent.CompletableFuture$UniAccept.tryFire(CompletableFuture.java:714) ~[?:?]
	at java.util.concurrent.CompletableFuture.postComplete(CompletableFuture.java:510) ~[?:?]
	at java.util.concurrent.CompletableFuture.postFire(CompletableFuture.java:614) ~[?:?]
	at java.util.concurrent.CompletableFuture$UniAccept.tryFire(CompletableFuture.java:726) ~[?:?]
	at java.util.concurrent.CompletableFuture$Completion.run(CompletableFuture.java:482) ~[?:?]
	at net.minecraft.server.packs.resources.SimpleReloadInstance.m_143940_(SimpleReloadInstance.java:69) ~[server-1.18.2-20220404.173914-srg.jar%2377!/:?]
	at net.minecraft.server.packs.resources.SimpleReloadInstance.m_10834_(SimpleReloadInstance.java:68) ~[server-1.18.2-20220404.173914-srg.jar%2377!/:?]
	at java.util.concurrent.CompletableFuture$UniCompletion.claim(CompletableFuture.java:572) ~[?:?]
	at java.util.concurrent.CompletableFuture$UniAccept.tryFire(CompletableFuture.java:714) ~[?:?]
	at java.util.concurrent.CompletableFuture.postComplete(CompletableFuture.java:510) ~[?:?]
	at java.util.concurrent.CompletableFuture.postFire(CompletableFuture.java:614) ~[?:?]
	at java.util.concurrent.CompletableFuture$UniAccept.tryFire(CompletableFuture.java:726) ~[?:?]
	at java.util.concurrent.CompletableFuture$Completion.run(CompletableFuture.java:482) ~[?:?]
	at net.minecraft.server.packs.resources.SimpleReloadInstance.m_143940_(SimpleReloadInstance.java:69) ~[server-1.18.2-20220404.173914-srg.jar%2377!/:?]
	at net.minecraft.server.packs.resources.SimpleReloadInstance.m_10834_(SimpleReloadInstance.java:68) ~[server-1.18.2-20220404.173914-srg.jar%2377!/:?]
	at java.util.concurrent.CompletableFuture$UniCompletion.claim(CompletableFuture.java:572) ~[?:?]
	at java.util.concurrent.CompletableFuture$UniAccept.tryFire(CompletableFuture.java:714) ~[?:?]
	at java.util.concurrent.CompletableFuture.postComplete(CompletableFuture.java:510) ~[?:?]
	at java.util.concurrent.CompletableFuture.complete(CompletableFuture.java:2147) ~[?:?]
	at net.minecraft.server.packs.resources.SimpleReloadInstance$1.m_10855_(SimpleReloadInstance.java:51) ~[server-1.18.2-20220404.173914-srg.jar%2377!/:?]
	at net.minecraft.server.packs.resources.SimpleReloadInstance$1.m_6769_(SimpleReloadInstance.java:48) ~[server-1.18.2-20220404.173914-srg.jar%2377!/:?]
	at java.util.concurrent.CompletableFuture$UniCompose.tryFire(CompletableFuture.java:1150) [?:?]
	at java.util.concurrent.CompletableFuture.postComplete(CompletableFuture.java:510) [?:?]
	at java.util.concurrent.CompletableFuture$AsyncSupply.run(CompletableFuture.java:1773) [?:?]
	at java.util.concurrent.CompletableFuture$AsyncSupply.exec(CompletableFuture.java:1760) [?:?]
	at java.util.concurrent.ForkJoinTask.doExec(ForkJoinTask.java:373) [?:?]
	at java.util.concurrent.ForkJoinPool$WorkQueue.topLevelExec(ForkJoinPool.java:1182) [?:?]
	at java.util.concurrent.ForkJoinPool.scan(ForkJoinPool.java:1655) [?:?]
	at java.util.concurrent.ForkJoinPool.runWorker(ForkJoinPool.java:1622) [?:?]
	at java.util.concurrent.ForkJoinWorkerThread.run(ForkJoinWorkerThread.java:165) [?:?]
[11Apr2025 07:07:11.311] [Worker-Main-4/INFO] [net.minecraft.world.item.crafting.RecipeManager/]: Loaded 25 recipes
[11Apr2025 07:07:12.246] [Worker-Main-4/ERROR] [net.minecraft.world.level.storage.loot.LootTables/]: Couldn't parse loot table unusualfishmod:entities/gnasher
com.google.gson.JsonSyntaxException: Expected name to be an item, was unknown string 'ladsmobs:depth_essence'
	at net.minecraft.util.GsonHelper.m_13866_(GsonHelper.java:130) ~[server-1.18.2-20220404.173914-srg.jar%2377!/:?]
	at java.util.Optional.orElseThrow(Optional.java:403) ~[?:?]
	at net.minecraft.util.GsonHelper.m_13874_(GsonHelper.java:130) ~[server-1.18.2-20220404.173914-srg.jar%2377!/:?]
	at net.minecraft.util.GsonHelper.m_13909_(GsonHelper.java:138) ~[server-1.18.2-20220404.173914-srg.jar%2377!/:?]
	at net.minecraft.world.level.storage.loot.entries.LootItem$Serializer.m_7267_(LootItem.java:55) ~[server-1.18.2-20220404.173914-srg.jar%2377!/:?]
	at net.minecraft.world.level.storage.loot.entries.LootItem$Serializer.m_7267_(LootItem.java:40) ~[server-1.18.2-20220404.173914-srg.jar%2377!/:?]
	at net.minecraft.world.level.storage.loot.entries.LootPoolSingletonContainer$Serializer.m_5921_(LootPoolSingletonContainer.java:151) ~[server-1.18.2-20220404.173914-srg.jar%2377!/:?]
	at net.minecraft.world.level.storage.loot.entries.LootPoolSingletonContainer$Serializer.m_5921_(LootPoolSingletonContainer.java:129) ~[server-1.18.2-20220404.173914-srg.jar%2377!/:?]
	at net.minecraft.world.level.storage.loot.entries.LootPoolEntryContainer$Serializer.m_7561_(LootPoolEntryContainer.java:86) ~[server-1.18.2-20220404.173914-srg.jar%2377!/:?]
	at net.minecraft.world.level.storage.loot.entries.LootPoolEntryContainer$Serializer.m_7561_(LootPoolEntryContainer.java:74) ~[server-1.18.2-20220404.173914-srg.jar%2377!/:?]
	at net.minecraft.world.level.storage.loot.GsonAdapterFactory$JsonAdapter.deserialize(GsonAdapterFactory.java:102) ~[server-1.18.2-20220404.173914-srg.jar%2377!/:?]
	at com.google.gson.internal.bind.TreeTypeAdapter.read(TreeTypeAdapter.java:69) ~[gson-2.8.9.jar%2321!/:?]
	at com.google.gson.internal.bind.TypeAdapterRuntimeTypeWrapper.read(TypeAdapterRuntimeTypeWrapper.java:41) ~[gson-2.8.9.jar%2321!/:?]
	at com.google.gson.internal.bind.ArrayTypeAdapter.read(ArrayTypeAdapter.java:72) ~[gson-2.8.9.jar%2321!/:?]
	at com.google.gson.Gson.fromJson(Gson.java:963) ~[gson-2.8.9.jar%2321!/:?]
	at com.google.gson.Gson.fromJson(Gson.java:1034) ~[gson-2.8.9.jar%2321!/:?]
	at com.google.gson.internal.bind.TreeTypeAdapter$GsonContextImpl.deserialize(TreeTypeAdapter.java:162) ~[gson-2.8.9.jar%2321!/:?]
	at net.minecraft.util.GsonHelper.m_13808_(GsonHelper.java:448) ~[server-1.18.2-20220404.173914-srg.jar%2377!/:?]
	at net.minecraft.util.GsonHelper.m_13836_(GsonHelper.java:456) ~[server-1.18.2-20220404.173914-srg.jar%2377!/:?]
	at net.minecraft.world.level.storage.loot.LootPool$Serializer.deserialize(LootPool.java:190) ~[server-1.18.2-20220404.173914-srg.jar%2377!/:?]
	at net.minecraft.world.level.storage.loot.LootPool$Serializer.deserialize(LootPool.java:187) ~[server-1.18.2-20220404.173914-srg.jar%2377!/:?]
	at com.google.gson.internal.bind.TreeTypeAdapter.read(TreeTypeAdapter.java:69) ~[gson-2.8.9.jar%2321!/:?]
	at com.google.gson.internal.bind.TypeAdapterRuntimeTypeWrapper.read(TypeAdapterRuntimeTypeWrapper.java:41) ~[gson-2.8.9.jar%2321!/:?]
	at com.google.gson.internal.bind.ArrayTypeAdapter.read(ArrayTypeAdapter.java:72) ~[gson-2.8.9.jar%2321!/:?]
	at com.google.gson.Gson.fromJson(Gson.java:963) ~[gson-2.8.9.jar%2321!/:?]
	at com.google.gson.Gson.fromJson(Gson.java:1034) ~[gson-2.8.9.jar%2321!/:?]
	at com.google.gson.internal.bind.TreeTypeAdapter$GsonContextImpl.deserialize(TreeTypeAdapter.java:162) ~[gson-2.8.9.jar%2321!/:?]
	at net.minecraft.util.GsonHelper.m_13808_(GsonHelper.java:448) ~[server-1.18.2-20220404.173914-srg.jar%2377!/:?]
	at net.minecraft.util.GsonHelper.m_13845_(GsonHelper.java:466) ~[server-1.18.2-20220404.173914-srg.jar%2377!/:?]
	at net.minecraft.world.level.storage.loot.LootTable$Serializer.deserialize(LootTable.java:255) ~[server-1.18.2-20220404.173914-srg.jar%2377!/:?]
	at net.minecraft.world.level.storage.loot.LootTable$Serializer.deserialize(LootTable.java:252) ~[server-1.18.2-20220404.173914-srg.jar%2377!/:?]
	at com.google.gson.internal.bind.TreeTypeAdapter.read(TreeTypeAdapter.java:69) ~[gson-2.8.9.jar%2321!/:?]
	at com.google.gson.Gson.fromJson(Gson.java:963) ~[gson-2.8.9.jar%2321!/:?]
	at com.google.gson.Gson.fromJson(Gson.java:1034) ~[gson-2.8.9.jar%2321!/:?]
	at com.google.gson.Gson.fromJson(Gson.java:1006) ~[gson-2.8.9.jar%2321!/:?]
	at net.minecraftforge.common.ForgeHooks.loadLootTable(ForgeHooks.java:888) ~[forge-1.18.2-40.2.9-universal.jar%2382!/:?]
	at net.minecraft.world.level.storage.loot.LootTables.lambda$apply$0(LootTables.java:41) ~[server-1.18.2-20220404.173914-srg.jar%2377!/:?]
	at java.util.HashMap.forEach(HashMap.java:1421) ~[?:?]
	at net.minecraft.world.level.storage.loot.LootTables.m_5787_(LootTables.java:39) ~[server-1.18.2-20220404.173914-srg.jar%2377!/:?]
	at net.minecraft.world.level.storage.loot.LootTables.m_5787_(LootTables.java:17) ~[server-1.18.2-20220404.173914-srg.jar%2377!/:?]
	at net.minecraft.server.packs.resources.SimplePreparableReloadListener.m_10789_(SimplePreparableReloadListener.java:13) ~[server-1.18.2-20220404.173914-srg.jar%2377!/:?]
	at java.util.concurrent.CompletableFuture$UniAccept.tryFire(CompletableFuture.java:718) ~[?:?]
	at java.util.concurrent.CompletableFuture$Completion.run(CompletableFuture.java:482) ~[?:?]
	at net.minecraft.server.packs.resources.SimpleReloadInstance.m_143940_(SimpleReloadInstance.java:69) ~[server-1.18.2-20220404.173914-srg.jar%2377!/:?]
	at net.minecraft.server.packs.resources.SimpleReloadInstance.m_10834_(SimpleReloadInstance.java:68) ~[server-1.18.2-20220404.173914-srg.jar%2377!/:?]
	at java.util.concurrent.CompletableFuture$UniCompletion.claim(CompletableFuture.java:572) ~[?:?]
	at java.util.concurrent.CompletableFuture$UniAccept.tryFire(CompletableFuture.java:714) ~[?:?]
	at java.util.concurrent.CompletableFuture.postComplete(CompletableFuture.java:510) ~[?:?]
	at java.util.concurrent.CompletableFuture.postFire(CompletableFuture.java:614) ~[?:?]
	at java.util.concurrent.CompletableFuture$UniAccept.tryFire(CompletableFuture.java:726) ~[?:?]
	at java.util.concurrent.CompletableFuture$Completion.run(CompletableFuture.java:482) ~[?:?]
	at net.minecraft.server.packs.resources.SimpleReloadInstance.m_143940_(SimpleReloadInstance.java:69) ~[server-1.18.2-20220404.173914-srg.jar%2377!/:?]
	at net.minecraft.server.packs.resources.SimpleReloadInstance.m_10834_(SimpleReloadInstance.java:68) ~[server-1.18.2-20220404.173914-srg.jar%2377!/:?]
	at java.util.concurrent.CompletableFuture$UniCompletion.claim(CompletableFuture.java:572) ~[?:?]
	at java.util.concurrent.CompletableFuture$UniAccept.tryFire(CompletableFuture.java:714) ~[?:?]
	at java.util.concurrent.CompletableFuture.postComplete(CompletableFuture.java:510) ~[?:?]
	at java.util.concurrent.CompletableFuture.postFire(CompletableFuture.java:614) ~[?:?]
	at java.util.concurrent.CompletableFuture$UniAccept.tryFire(CompletableFuture.java:726) ~[?:?]
	at java.util.concurrent.CompletableFuture$Completion.run(CompletableFuture.java:482) ~[?:?]
	at net.minecraft.server.packs.resources.SimpleReloadInstance.m_143940_(SimpleReloadInstance.java:69) ~[server-1.18.2-20220404.173914-srg.jar%2377!/:?]
	at net.minecraft.server.packs.resources.SimpleReloadInstance.m_10834_(SimpleReloadInstance.java:68) ~[server-1.18.2-20220404.173914-srg.jar%2377!/:?]
	at java.util.concurrent.CompletableFuture$UniCompletion.claim(CompletableFuture.java:572) ~[?:?]
	at java.util.concurrent.CompletableFuture$UniAccept.tryFire(CompletableFuture.java:714) ~[?:?]
	at java.util.concurrent.CompletableFuture.postComplete(CompletableFuture.java:510) ~[?:?]
	at java.util.concurrent.CompletableFuture.postFire(CompletableFuture.java:614) ~[?:?]
	at java.util.concurrent.CompletableFuture$UniAccept.tryFire(CompletableFuture.java:726) ~[?:?]
	at java.util.concurrent.CompletableFuture$Completion.run(CompletableFuture.java:482) ~[?:?]
	at net.minecraft.server.packs.resources.SimpleReloadInstance.m_143940_(SimpleReloadInstance.java:69) ~[server-1.18.2-20220404.173914-srg.jar%2377!/:?]
	at net.minecraft.server.packs.resources.SimpleReloadInstance.m_10834_(SimpleReloadInstance.java:68) ~[server-1.18.2-20220404.173914-srg.jar%2377!/:?]
	at java.util.concurrent.CompletableFuture$UniCompletion.claim(CompletableFuture.java:572) ~[?:?]
	at java.util.concurrent.CompletableFuture$UniAccept.tryFire(CompletableFuture.java:714) ~[?:?]
	at java.util.concurrent.CompletableFuture.postComplete(CompletableFuture.java:510) ~[?:?]
	at java.util.concurrent.CompletableFuture.complete(CompletableFuture.java:2147) ~[?:?]
	at net.minecraft.server.packs.resources.SimpleReloadInstance$1.m_10855_(SimpleReloadInstance.java:51) ~[server-1.18.2-20220404.173914-srg.jar%2377!/:?]
	at net.minecraft.server.packs.resources.SimpleReloadInstance$1.m_6769_(SimpleReloadInstance.java:48) ~[server-1.18.2-20220404.173914-srg.jar%2377!/:?]
	at java.util.concurrent.CompletableFuture$UniCompose.tryFire(CompletableFuture.java:1150) [?:?]
	at java.util.concurrent.CompletableFuture.postComplete(CompletableFuture.java:510) [?:?]
	at java.util.concurrent.CompletableFuture$AsyncSupply.run(CompletableFuture.java:1773) [?:?]
	at java.util.concurrent.CompletableFuture$AsyncSupply.exec(CompletableFuture.java:1760) [?:?]
	at java.util.concurrent.ForkJoinTask.doExec(ForkJoinTask.java:373) [?:?]
	at java.util.concurrent.ForkJoinPool$WorkQueue.topLevelExec(ForkJoinPool.java:1182) [?:?]
	at java.util.concurrent.ForkJoinPool.scan(ForkJoinPool.java:1655) [?:?]
	at java.util.concurrent.ForkJoinPool.runWorker(ForkJoinPool.java:1622) [?:?]
	at java.util.concurrent.ForkJoinWorkerThread.run(ForkJoinWorkerThread.java:165) [?:?]
[11Apr2025 07:07:12.783] [Worker-Main-4/ERROR] [net.minecraft.world.level.storage.loot.LootTables/]: Couldn't parse loot table unusualfishmod:entities/rootball
com.google.gson.JsonSyntaxException: Expected name to be an item, was unknown string 'ladsmobs:bloom_essence'
	at net.minecraft.util.GsonHelper.m_13866_(GsonHelper.java:130) ~[server-1.18.2-20220404.173914-srg.jar%2377!/:?]
	at java.util.Optional.orElseThrow(Optional.java:403) ~[?:?]
	at net.minecraft.util.GsonHelper.m_13874_(GsonHelper.java:130) ~[server-1.18.2-20220404.173914-srg.jar%2377!/:?]
	at net.minecraft.util.GsonHelper.m_13909_(GsonHelper.java:138) ~[server-1.18.2-20220404.173914-srg.jar%2377!/:?]
	at net.minecraft.world.level.storage.loot.entries.LootItem$Serializer.m_7267_(LootItem.java:55) ~[server-1.18.2-20220404.173914-srg.jar%2377!/:?]
	at net.minecraft.world.level.storage.loot.entries.LootItem$Serializer.m_7267_(LootItem.java:40) ~[server-1.18.2-20220404.173914-srg.jar%2377!/:?]
	at net.minecraft.world.level.storage.loot.entries.LootPoolSingletonContainer$Serializer.m_5921_(LootPoolSingletonContainer.java:151) ~[server-1.18.2-20220404.173914-srg.jar%2377!/:?]
	at net.minecraft.world.level.storage.loot.entries.LootPoolSingletonContainer$Serializer.m_5921_(LootPoolSingletonContainer.java:129) ~[server-1.18.2-20220404.173914-srg.jar%2377!/:?]
	at net.minecraft.world.level.storage.loot.entries.LootPoolEntryContainer$Serializer.m_7561_(LootPoolEntryContainer.java:86) ~[server-1.18.2-20220404.173914-srg.jar%2377!/:?]
	at net.minecraft.world.level.storage.loot.entries.LootPoolEntryContainer$Serializer.m_7561_(LootPoolEntryContainer.java:74) ~[server-1.18.2-20220404.173914-srg.jar%2377!/:?]
	at net.minecraft.world.level.storage.loot.GsonAdapterFactory$JsonAdapter.deserialize(GsonAdapterFactory.java:102) ~[server-1.18.2-20220404.173914-srg.jar%2377!/:?]
	at com.google.gson.internal.bind.TreeTypeAdapter.read(TreeTypeAdapter.java:69) ~[gson-2.8.9.jar%2321!/:?]
	at com.google.gson.internal.bind.TypeAdapterRuntimeTypeWrapper.read(TypeAdapterRuntimeTypeWrapper.java:41) ~[gson-2.8.9.jar%2321!/:?]
	at com.google.gson.internal.bind.ArrayTypeAdapter.read(ArrayTypeAdapter.java:72) ~[gson-2.8.9.jar%2321!/:?]
	at com.google.gson.Gson.fromJson(Gson.java:963) ~[gson-2.8.9.jar%2321!/:?]
	at com.google.gson.Gson.fromJson(Gson.java:1034) ~[gson-2.8.9.jar%2321!/:?]
	at com.google.gson.internal.bind.TreeTypeAdapter$GsonContextImpl.deserialize(TreeTypeAdapter.java:162) ~[gson-2.8.9.jar%2321!/:?]
	at net.minecraft.util.GsonHelper.m_13808_(GsonHelper.java:448) ~[server-1.18.2-20220404.173914-srg.jar%2377!/:?]
	at net.minecraft.util.GsonHelper.m_13836_(GsonHelper.java:456) ~[server-1.18.2-20220404.173914-srg.jar%2377!/:?]
	at net.minecraft.world.level.storage.loot.LootPool$Serializer.deserialize(LootPool.java:190) ~[server-1.18.2-20220404.173914-srg.jar%2377!/:?]
	at net.minecraft.world.level.storage.loot.LootPool$Serializer.deserialize(LootPool.java:187) ~[server-1.18.2-20220404.173914-srg.jar%2377!/:?]
	at com.google.gson.internal.bind.TreeTypeAdapter.read(TreeTypeAdapter.java:69) ~[gson-2.8.9.jar%2321!/:?]
	at com.google.gson.internal.bind.TypeAdapterRuntimeTypeWrapper.read(TypeAdapterRuntimeTypeWrapper.java:41) ~[gson-2.8.9.jar%2321!/:?]
	at com.google.gson.internal.bind.ArrayTypeAdapter.read(ArrayTypeAdapter.java:72) ~[gson-2.8.9.jar%2321!/:?]
	at com.google.gson.Gson.fromJson(Gson.java:963) ~[gson-2.8.9.jar%2321!/:?]
	at com.google.gson.Gson.fromJson(Gson.java:1034) ~[gson-2.8.9.jar%2321!/:?]
	at com.google.gson.internal.bind.TreeTypeAdapter$GsonContextImpl.deserialize(TreeTypeAdapter.java:162) ~[gson-2.8.9.jar%2321!/:?]
	at net.minecraft.util.GsonHelper.m_13808_(GsonHelper.java:448) ~[server-1.18.2-20220404.173914-srg.jar%2377!/:?]
	at net.minecraft.util.GsonHelper.m_13845_(GsonHelper.java:466) ~[server-1.18.2-20220404.173914-srg.jar%2377!/:?]
	at net.minecraft.world.level.storage.loot.LootTable$Serializer.deserialize(LootTable.java:255) ~[server-1.18.2-20220404.173914-srg.jar%2377!/:?]
	at net.minecraft.world.level.storage.loot.LootTable$Serializer.deserialize(LootTable.java:252) ~[server-1.18.2-20220404.173914-srg.jar%2377!/:?]
	at com.google.gson.internal.bind.TreeTypeAdapter.read(TreeTypeAdapter.java:69) ~[gson-2.8.9.jar%2321!/:?]
	at com.google.gson.Gson.fromJson(Gson.java:963) ~[gson-2.8.9.jar%2321!/:?]
	at com.google.gson.Gson.fromJson(Gson.java:1034) ~[gson-2.8.9.jar%2321!/:?]
	at com.google.gson.Gson.fromJson(Gson.java:1006) ~[gson-2.8.9.jar%2321!/:?]
	at net.minecraftforge.common.ForgeHooks.loadLootTable(ForgeHooks.java:888) ~[forge-1.18.2-40.2.9-universal.jar%2382!/:?]
	at net.minecraft.world.level.storage.loot.LootTables.lambda$apply$0(LootTables.java:41) ~[server-1.18.2-20220404.173914-srg.jar%2377!/:?]
	at java.util.HashMap.forEach(HashMap.java:1421) ~[?:?]
	at net.minecraft.world.level.storage.loot.LootTables.m_5787_(LootTables.java:39) ~[server-1.18.2-20220404.173914-srg.jar%2377!/:?]
	at net.minecraft.world.level.storage.loot.LootTables.m_5787_(LootTables.java:17) ~[server-1.18.2-20220404.173914-srg.jar%2377!/:?]
	at net.minecraft.server.packs.resources.SimplePreparableReloadListener.m_10789_(SimplePreparableReloadListener.java:13) ~[server-1.18.2-20220404.173914-srg.jar%2377!/:?]
	at java.util.concurrent.CompletableFuture$UniAccept.tryFire(CompletableFuture.java:718) ~[?:?]
	at java.util.concurrent.CompletableFuture$Completion.run(CompletableFuture.java:482) ~[?:?]
	at net.minecraft.server.packs.resources.SimpleReloadInstance.m_143940_(SimpleReloadInstance.java:69) ~[server-1.18.2-20220404.173914-srg.jar%2377!/:?]
	at net.minecraft.server.packs.resources.SimpleReloadInstance.m_10834_(SimpleReloadInstance.java:68) ~[server-1.18.2-20220404.173914-srg.jar%2377!/:?]
	at java.util.concurrent.CompletableFuture$UniCompletion.claim(CompletableFuture.java:572) ~[?:?]
	at java.util.concurrent.CompletableFuture$UniAccept.tryFire(CompletableFuture.java:714) ~[?:?]
	at java.util.concurrent.CompletableFuture.postComplete(CompletableFuture.java:510) ~[?:?]
	at java.util.concurrent.CompletableFuture.postFire(CompletableFuture.java:614) ~[?:?]
	at java.util.concurrent.CompletableFuture$UniAccept.tryFire(CompletableFuture.java:726) ~[?:?]
	at java.util.concurrent.CompletableFuture$Completion.run(CompletableFuture.java:482) ~[?:?]
	at net.minecraft.server.packs.resources.SimpleReloadInstance.m_143940_(SimpleReloadInstance.java:69) ~[server-1.18.2-20220404.173914-srg.jar%2377!/:?]
	at net.minecraft.server.packs.resources.SimpleReloadInstance.m_10834_(SimpleReloadInstance.java:68) ~[server-1.18.2-20220404.173914-srg.jar%2377!/:?]
	at java.util.concurrent.CompletableFuture$UniCompletion.claim(CompletableFuture.java:572) ~[?:?]
	at java.util.concurrent.CompletableFuture$UniAccept.tryFire(CompletableFuture.java:714) ~[?:?]
	at java.util.concurrent.CompletableFuture.postComplete(CompletableFuture.java:510) ~[?:?]
	at java.util.concurrent.CompletableFuture.postFire(CompletableFuture.java:614) ~[?:?]
	at java.util.concurrent.CompletableFuture$UniAccept.tryFire(CompletableFuture.java:726) ~[?:?]
	at java.util.concurrent.CompletableFuture$Completion.run(CompletableFuture.java:482) ~[?:?]
	at net.minecraft.server.packs.resources.SimpleReloadInstance.m_143940_(SimpleReloadInstance.java:69) ~[server-1.18.2-20220404.173914-srg.jar%2377!/:?]
	at net.minecraft.server.packs.resources.SimpleReloadInstance.m_10834_(SimpleReloadInstance.java:68) ~[server-1.18.2-20220404.173914-srg.jar%2377!/:?]
	at java.util.concurrent.CompletableFuture$UniCompletion.claim(CompletableFuture.java:572) ~[?:?]
	at java.util.concurrent.CompletableFuture$UniAccept.tryFire(CompletableFuture.java:714) ~[?:?]
	at java.util.concurrent.CompletableFuture.postComplete(CompletableFuture.java:510) ~[?:?]
	at java.util.concurrent.CompletableFuture.postFire(CompletableFuture.java:614) ~[?:?]
	at java.util.concurrent.CompletableFuture$UniAccept.tryFire(CompletableFuture.java:726) ~[?:?]
	at java.util.concurrent.CompletableFuture$Completion.run(CompletableFuture.java:482) ~[?:?]
	at net.minecraft.server.packs.resources.SimpleReloadInstance.m_143940_(SimpleReloadInstance.java:69) ~[server-1.18.2-20220404.173914-srg.jar%2377!/:?]
	at net.minecraft.server.packs.resources.SimpleReloadInstance.m_10834_(SimpleReloadInstance.java:68) ~[server-1.18.2-20220404.173914-srg.jar%2377!/:?]
	at java.util.concurrent.CompletableFuture$UniCompletion.claim(CompletableFuture.java:572) ~[?:?]
	at java.util.concurrent.CompletableFuture$UniAccept.tryFire(CompletableFuture.java:714) ~[?:?]
	at java.util.concurrent.CompletableFuture.postComplete(CompletableFuture.java:510) ~[?:?]
	at java.util.concurrent.CompletableFuture.complete(CompletableFuture.java:2147) ~[?:?]
	at net.minecraft.server.packs.resources.SimpleReloadInstance$1.m_10855_(SimpleReloadInstance.java:51) ~[server-1.18.2-20220404.173914-srg.jar%2377!/:?]
	at net.minecraft.server.packs.resources.SimpleReloadInstance$1.m_6769_(SimpleReloadInstance.java:48) ~[server-1.18.2-20220404.173914-srg.jar%2377!/:?]
	at java.util.concurrent.CompletableFuture$UniCompose.tryFire(CompletableFuture.java:1150) [?:?]
	at java.util.concurrent.CompletableFuture.postComplete(CompletableFuture.java:510) [?:?]
	at java.util.concurrent.CompletableFuture$AsyncSupply.run(CompletableFuture.java:1773) [?:?]
	at java.util.concurrent.CompletableFuture$AsyncSupply.exec(CompletableFuture.java:1760) [?:?]
	at java.util.concurrent.ForkJoinTask.doExec(ForkJoinTask.java:373) [?:?]
	at java.util.concurrent.ForkJoinPool$WorkQueue.topLevelExec(ForkJoinPool.java:1182) [?:?]
	at java.util.concurrent.ForkJoinPool.scan(ForkJoinPool.java:1655) [?:?]
	at java.util.concurrent.ForkJoinPool.runWorker(ForkJoinPool.java:1622) [?:?]
	at java.util.concurrent.ForkJoinWorkerThread.run(ForkJoinWorkerThread.java:165) [?:?]
[11Apr2025 07:07:13.251] [Worker-Main-4/ERROR] [net.minecraft.server.ServerAdvancementManager/]: Parsing error loading custom advancement spartanshields:recipes/spartanshields/basic_mekanists_basic_shield: Unknown item id 'mekanism:energy_tablet'
[11Apr2025 07:07:13.288] [Worker-Main-4/ERROR] [net.minecraft.server.ServerAdvancementManager/]: Parsing error loading custom advancement spartanshields:recipes/spartanshields/basic_mekanists_tower_shield: Unknown item id 'mekanism:energy_tablet'
[11Apr2025 07:07:13.431] [Worker-Main-4/INFO] [net.minecraft.advancements.AdvancementList/]: Loaded 2882 advancements
[11Apr2025 07:07:13.498] [Worker-Main-4/INFO] [net.mehvahdjukaar.selene.Selene/]: Loaded 41 Soft Fluids
[11Apr2025 07:07:13.527] [Worker-Main-4/INFO] [CraftTweaker/]: crafttweaker.reload.start
[11Apr2025 07:07:14.538] [Worker-Main-4/INFO] [CraftTweaker/]: crafttweaker.reload.complete
[11Apr2025 07:07:17.106] [main/INFO] [net.mehvahdjukaar.supplementaries.Supplementaries/]: Finished additional setup in 0 seconds
[11Apr2025 07:07:17.420] [Server thread/INFO] [net.minecraft.server.dedicated.DedicatedServer/]: Starting minecraft server version 1.18.2
[11Apr2025 07:07:17.420] [Server thread/INFO] [net.minecraft.server.dedicated.DedicatedServer/]: Loading properties
[11Apr2025 07:07:17.420] [Server thread/INFO] [net.minecraft.server.dedicated.DedicatedServer/]: Default game type: SURVIVAL
[11Apr2025 07:07:17.420] [Server thread/INFO] [net.minecraft.server.MinecraftServer/]: Generating keypair
[11Apr2025 07:07:17.629] [Server thread/INFO] [net.minecraft.server.dedicated.DedicatedServer/]: Starting Minecraft server on *:25565
[11Apr2025 07:07:17.674] [Server thread/INFO] [net.minecraft.server.network.ServerConnectionListener/]: Using epoll channel type
[11Apr2025 07:07:17.836] [Server thread/WARN] [net.minecraft.server.dedicated.DedicatedServer/]: **** SERVER IS RUNNING IN OFFLINE/INSECURE MODE!
[11Apr2025 07:07:17.836] [Server thread/WARN] [net.minecraft.server.dedicated.DedicatedServer/]: The server will make no attempt to authenticate usernames. Beware.
[11Apr2025 07:07:17.836] [Server thread/WARN] [net.minecraft.server.dedicated.DedicatedServer/]: While this makes the game possible to play without internet access, it also opens up the ability for hackers to connect with any username they choose.
[11Apr2025 07:07:17.837] [Server thread/WARN] [net.minecraft.server.dedicated.DedicatedServer/]: To change this, set "online-mode" to "true" in the server.properties file.
[11Apr2025 07:07:17.902] [Server thread/WARN] [net.minecraftforge.common.ForgeConfigSpec/CORE]: Configuration file /workspaces/MinecraftServer2.0/servidor_minecraft/config/tombstone-server.toml is not correct. Correcting
[11Apr2025 07:07:17.903] [Server thread/WARN] [net.minecraftforge.common.ForgeConfigSpec/CORE]: Incorrect key player_death was corrected from null to its default, SimpleCommentedConfig:{}. 
[11Apr2025 07:07:17.903] [Server thread/WARN] [net.minecraftforge.common.ForgeConfigSpec/CORE]: Incorrect key player_death.decay_time was corrected from null to its default, -1. 
[11Apr2025 07:07:17.904] [Server thread/WARN] [net.minecraftforge.common.ForgeConfigSpec/CORE]: Incorrect key general was corrected from null to its default, SimpleCommentedConfig:{}. 
[11Apr2025 07:07:17.904] [Server thread/WARN] [net.minecraftforge.common.ForgeConfigSpec/CORE]: Incorrect key general.always_keep_xp_on_death was corrected from null to its default, false. 
[11Apr2025 07:07:17.905] [Server thread/WARN] [net.minecraftforge.common.ForgeConfigSpec/CORE]: Incorrect key general.ghostly_shape_duration was corrected from null to its default, 120. 
[11Apr2025 07:07:17.907] [Server thread/WARN] [net.minecraftforge.common.ForgeConfigSpec/CORE]: Incorrect key enchantments was corrected from null to its default, SimpleCommentedConfig:{}. 
[11Apr2025 07:07:17.907] [Server thread/WARN] [net.minecraftforge.common.ForgeConfigSpec/CORE]: Incorrect key enchantments.enable_enchantment_spectral_bite was corrected from null to its default, true. 
[11Apr2025 07:07:17.907] [Server thread/WARN] [net.minecraftforge.common.ForgeConfigSpec/CORE]: Incorrect key enchantments.enable_enchantment_soulbound was corrected from null to its default, true. 
[11Apr2025 07:07:17.912] [Server thread/WARN] [net.minecraftforge.common.ForgeConfigSpec/CORE]: Incorrect key enchantments.enable_enchantment_magic_siphon was corrected from null to its default, true. 
[11Apr2025 07:07:17.915] [Server thread/WARN] [net.minecraftforge.common.ForgeConfigSpec/CORE]: Incorrect key enchantments.enable_enchantment_plague_bringer was corrected from null to its default, true. 
[11Apr2025 07:07:17.915] [Server thread/WARN] [net.minecraftforge.common.ForgeConfigSpec/CORE]: Incorrect key enchantments.enable_enchantment_curse_of_bones was corrected from null to its default, true. 
[11Apr2025 07:07:17.916] [Server thread/WARN] [net.minecraftforge.common.ForgeConfigSpec/CORE]: Incorrect key enchantments.enable_enchantment_blessing was corrected from null to its default, true. 
[11Apr2025 07:07:17.916] [Server thread/WARN] [net.minecraftforge.common.ForgeConfigSpec/CORE]: Incorrect key enchantments.enable_enchantment_frostbite was corrected from null to its default, true. 
[11Apr2025 07:07:17.918] [Server thread/WARN] [net.minecraftforge.common.ForgeConfigSpec/CORE]: Incorrect key enchantments.soulbound_enchanting_table was corrected from null to its default, true. 
[11Apr2025 07:07:17.919] [Server thread/WARN] [net.minecraftforge.common.ForgeConfigSpec/CORE]: Incorrect key enchantments.spectral_bite_enchanting_table was corrected from null to its default, false. 
[11Apr2025 07:07:17.919] [Server thread/WARN] [net.minecraftforge.common.ForgeConfigSpec/CORE]: Incorrect key enchantments.magic_siphon_enchanting_table was corrected from null to its default, false. 
[11Apr2025 07:07:17.921] [Server thread/WARN] [net.minecraftforge.common.ForgeConfigSpec/CORE]: Incorrect key enchantments.plague_bringer_enchanting_table was corrected from null to its default, false. 
[11Apr2025 07:07:17.922] [Server thread/WARN] [net.minecraftforge.common.ForgeConfigSpec/CORE]: Incorrect key enchantments.curse_of_bones_enchanting_table was corrected from null to its default, false. 
[11Apr2025 07:07:17.924] [Server thread/WARN] [net.minecraftforge.common.ForgeConfigSpec/CORE]: Incorrect key enchantments.blessing_enchanting_table was corrected from null to its default, false. 
[11Apr2025 07:07:17.927] [Server thread/WARN] [net.minecraftforge.common.ForgeConfigSpec/CORE]: Incorrect key enchantments.frostbite_enchanting_table was corrected from null to its default, false. 
[11Apr2025 07:07:17.931] [Server thread/WARN] [net.minecraftforge.common.ForgeConfigSpec/CORE]: Incorrect key enchantments.plague_bringer_combining_magic_siphon was corrected from null to its default, false. 
[11Apr2025 07:07:17.931] [Server thread/WARN] [net.minecraftforge.common.ForgeConfigSpec/CORE]: Incorrect key enchantments.frostbite_combining_fire_aspect was corrected from null to its default, true. 
[11Apr2025 07:07:17.932] [Server thread/WARN] [net.minecraftforge.common.ForgeConfigSpec/CORE]: Incorrect key potions was corrected from null to its default, SimpleCommentedConfig:{}. 
[11Apr2025 07:07:17.932] [Server thread/WARN] [net.minecraftforge.common.ForgeConfigSpec/CORE]: Incorrect key potions.allow_earthly_garden was corrected from null to its default, true. 
[11Apr2025 07:07:17.933] [Server thread/WARN] [net.minecraftforge.common.ForgeConfigSpec/CORE]: Incorrect key potions.allow_bait was corrected from null to its default, true. 
[11Apr2025 07:07:17.934] [Server thread/WARN] [net.minecraftforge.common.ForgeConfigSpec/CORE]: Incorrect key potions.allow_frostbite was corrected from null to its default, true. 
[11Apr2025 07:07:17.935] [Server thread/WARN] [net.minecraftforge.common.ForgeConfigSpec/CORE]: Incorrect key potions.allow_discretion was corrected from null to its default, true. 
[11Apr2025 07:07:17.939] [Server thread/WARN] [net.minecraftforge.common.ForgeConfigSpec/CORE]: Incorrect key allowed_perks was corrected from null to its default, SimpleCommentedConfig:{}. 
[11Apr2025 07:07:17.940] [Server thread/WARN] [net.minecraftforge.common.ForgeConfigSpec/CORE]: Incorrect key allowed_perks.allow_alchemist was corrected from null to its default, true. 
[11Apr2025 07:07:17.940] [Server thread/WARN] [net.minecraftforge.common.ForgeConfigSpec/CORE]: Incorrect key allowed_perks.level_max_alchemist was corrected from null to its default, 5. 
[11Apr2025 07:07:17.940] [Server thread/WARN] [net.minecraftforge.common.ForgeConfigSpec/CORE]: Incorrect key allowed_perks.allow_concentration was corrected from null to its default, true. 
[11Apr2025 07:07:17.941] [Server thread/WARN] [net.minecraftforge.common.ForgeConfigSpec/CORE]: Incorrect key allowed_perks.level_max_concentration was corrected from null to its default, 3. 
[11Apr2025 07:07:17.942] [Server thread/WARN] [net.minecraftforge.common.ForgeConfigSpec/CORE]: Incorrect key allowed_perks.allow_jailer was corrected from null to its default, true. 
[11Apr2025 07:07:17.943] [Server thread/WARN] [net.minecraftforge.common.ForgeConfigSpec/CORE]: Incorrect key allowed_perks.level_max_jailer was corrected from null to its default, 5. 
[11Apr2025 07:07:17.945] [Server thread/WARN] [net.minecraftforge.common.ForgeConfigSpec/CORE]: Incorrect key allowed_perks.allow_memento_mori was corrected from null to its default, true. 
[11Apr2025 07:07:17.946] [Server thread/WARN] [net.minecraftforge.common.ForgeConfigSpec/CORE]: Incorrect key allowed_perks.level_max_memento_mori was corrected from null to its default, 5. 
[11Apr2025 07:07:17.948] [Server thread/WARN] [net.minecraftforge.common.ForgeConfigSpec/CORE]: Incorrect key allowed_perks.allow_necromancer was corrected from null to its default, true. 
[11Apr2025 07:07:17.950] [Server thread/WARN] [net.minecraftforge.common.ForgeConfigSpec/CORE]: Incorrect key allowed_perks.level_max_necromancer was corrected from null to its default, 5. 
[11Apr2025 07:07:17.951] [Server thread/WARN] [net.minecraftforge.common.ForgeConfigSpec/CORE]: Incorrect key allowed_perks.allow_rune_inscriber was corrected from null to its default, true. 
[11Apr2025 07:07:17.951] [Server thread/WARN] [net.minecraftforge.common.ForgeConfigSpec/CORE]: Incorrect key allowed_perks.level_max_rune_inscriber was corrected from null to its default, 5. 
[11Apr2025 07:07:17.952] [Server thread/WARN] [net.minecraftforge.common.ForgeConfigSpec/CORE]: Incorrect key allowed_perks.allow_scribe was corrected from null to its default, true. 
[11Apr2025 07:07:17.952] [Server thread/WARN] [net.minecraftforge.common.ForgeConfigSpec/CORE]: Incorrect key allowed_perks.level_max_scribe was corrected from null to its default, 5. 
[11Apr2025 07:07:17.953] [Server thread/WARN] [net.minecraftforge.common.ForgeConfigSpec/CORE]: Incorrect key allowed_perks.allow_shadow_walker was corrected from null to its default, true. 
[11Apr2025 07:07:17.955] [Server thread/WARN] [net.minecraftforge.common.ForgeConfigSpec/CORE]: Incorrect key allowed_perks.level_max_shadow_walker was corrected from null to its default, 5. 
[11Apr2025 07:07:17.956] [Server thread/WARN] [net.minecraftforge.common.ForgeConfigSpec/CORE]: Incorrect key allowed_perks.allow_treasure_seeker was corrected from null to its default, true. 
[11Apr2025 07:07:17.956] [Server thread/WARN] [net.minecraftforge.common.ForgeConfigSpec/CORE]: Incorrect key allowed_perks.level_max_treasure_seeker was corrected from null to its default, 5. 
[11Apr2025 07:07:17.960] [Server thread/WARN] [net.minecraftforge.common.ForgeConfigSpec/CORE]: Incorrect key allowed_perks.allow_witch_doctor was corrected from null to its default, true. 
[11Apr2025 07:07:17.960] [Server thread/WARN] [net.minecraftforge.common.ForgeConfigSpec/CORE]: Incorrect key allowed_perks.level_max_witch_doctor was corrected from null to its default, 5. 
[11Apr2025 07:07:17.960] [Server thread/WARN] [net.minecraftforge.common.ForgeConfigSpec/CORE]: Incorrect key allowed_perks.cooldown_reset_perk was corrected from null to its default, 120. 
[11Apr2025 07:07:17.962] [Server thread/WARN] [net.minecraftforge.common.ForgeConfigSpec/CORE]: Incorrect key magic_item was corrected from null to its default, SimpleCommentedConfig:{}. 
[11Apr2025 07:07:17.962] [Server thread/WARN] [net.minecraftforge.common.ForgeConfigSpec/CORE]: Incorrect key magic_item.always_enchant_grave_key was corrected from null to its default, false. 
[11Apr2025 07:07:17.963] [Server thread/WARN] [net.minecraftforge.common.ForgeConfigSpec/CORE]: Incorrect key magic_item.disable_enchanted_grave_key_recipe was corrected from null to its default, false. 
[11Apr2025 07:07:17.963] [Server thread/WARN] [net.minecraftforge.common.ForgeConfigSpec/CORE]: Incorrect key magic_item.scroll_duration was corrected from null to its default, 12000. 
[11Apr2025 07:07:17.963] [Server thread/WARN] [net.minecraftforge.common.ForgeConfigSpec/CORE]: Incorrect key magic_item.scroll_of_knowledge_loss was corrected from null to its default, 0. 
[11Apr2025 07:07:17.963] [Server thread/WARN] [net.minecraftforge.common.ForgeConfigSpec/CORE]: Incorrect key magic_item.tablet_max_use was corrected from null to its default, 3. 
[11Apr2025 07:07:17.966] [Server thread/WARN] [net.minecraftforge.common.ForgeConfigSpec/CORE]: Incorrect key magic_item.tablet_cooldown was corrected from null to its default, 300. 
[11Apr2025 07:07:17.969] [Server thread/WARN] [net.minecraftforge.common.ForgeConfigSpec/CORE]: Incorrect key decorative_grave was corrected from null to its default, SimpleCommentedConfig:{}. 
[11Apr2025 07:07:17.970] [Server thread/WARN] [net.minecraftforge.common.ForgeConfigSpec/CORE]: Incorrect key decorative_grave.cooldown_to_pray was corrected from null to its default, 3. 
[11Apr2025 07:07:17.972] [Server thread/WARN] [net.minecraftforge.common.ForgeConfigSpec/CORE]: Incorrect key allowedMagicItems was corrected from null to its default, SimpleCommentedConfig:{}. 
[11Apr2025 07:07:17.972] [Server thread/WARN] [net.minecraftforge.common.ForgeConfigSpec/CORE]: Incorrect key allowedMagicItems.allow_voodoo_poppet was corrected from null to its default, true. 
[11Apr2025 07:07:17.973] [Server thread/WARN] [net.minecraftforge.common.ForgeConfigSpec/CORE]: Incorrect key allowedMagicItems.allow_familiar_receptacle was corrected from null to its default, true. 
[11Apr2025 07:07:17.974] [Server thread/WARN] [net.minecraftforge.common.ForgeConfigSpec/CORE]: Incorrect key allowedMagicItems.allow_book_of_disenchantment was corrected from null to its default, true. 
[11Apr2025 07:07:17.974] [Server thread/WARN] [net.minecraftforge.common.ForgeConfigSpec/CORE]: Incorrect key allowedMagicItems.allow_scroll_of_preservation was corrected from null to its default, true. 
[11Apr2025 07:07:17.975] [Server thread/WARN] [net.minecraftforge.common.ForgeConfigSpec/CORE]: Incorrect key allowedMagicItems.allow_grave_key was corrected from null to its default, true. 
[11Apr2025 07:07:17.976] [Server thread/WARN] [net.minecraftforge.common.ForgeConfigSpec/CORE]: Incorrect key allowedMagicItems.allow_scroll_of_knowledge was corrected from null to its default, true. 
[11Apr2025 07:07:17.977] [Server thread/WARN] [net.minecraftforge.common.ForgeConfigSpec/CORE]: Incorrect key allowedMagicItems.allow_tablet_of_recall was corrected from null to its default, true. 
[11Apr2025 07:07:17.978] [Server thread/WARN] [net.minecraftforge.common.ForgeConfigSpec/CORE]: Incorrect key allowedMagicItems.allow_tablet_of_home was corrected from null to its default, true. 
[11Apr2025 07:07:17.978] [Server thread/WARN] [net.minecraftforge.common.ForgeConfigSpec/CORE]: Incorrect key allowedMagicItems.allow_tablet_of_assistance was corrected from null to its default, true. 
[11Apr2025 07:07:17.979] [Server thread/WARN] [net.minecraftforge.common.ForgeConfigSpec/CORE]: Incorrect key allowedMagicItems.allow_tablet_of_cupidity was corrected from null to its default, true. 
[11Apr2025 07:07:17.980] [Server thread/WARN] [net.minecraftforge.common.ForgeConfigSpec/CORE]: Incorrect key allowedMagicItems.allow_scroll_of_unstable_intangibility was corrected from null to its default, true. 
[11Apr2025 07:07:17.980] [Server thread/WARN] [net.minecraftforge.common.ForgeConfigSpec/CORE]: Incorrect key allowedMagicItems.allow_scroll_of_feather_fall was corrected from null to its default, true. 
[11Apr2025 07:07:17.981] [Server thread/WARN] [net.minecraftforge.common.ForgeConfigSpec/CORE]: Incorrect key allowedMagicItems.allow_scroll_of_purification was corrected from null to its default, true. 
[11Apr2025 07:07:17.981] [Server thread/WARN] [net.minecraftforge.common.ForgeConfigSpec/CORE]: Incorrect key allowedMagicItems.allow_scroll_of_true_sight was corrected from null to its default, true. 
[11Apr2025 07:07:17.982] [Server thread/WARN] [net.minecraftforge.common.ForgeConfigSpec/CORE]: Incorrect key allowedMagicItems.allow_lost_tablet was corrected from null to its default, true. 
[11Apr2025 07:07:17.982] [Server thread/WARN] [net.minecraftforge.common.ForgeConfigSpec/CORE]: Incorrect key allowedMagicItems.allow_scroll_of_reach was corrected from null to its default, true. 
[11Apr2025 07:07:17.985] [Server thread/WARN] [net.minecraftforge.common.ForgeConfigSpec/CORE]: Incorrect key allowedMagicItems.allow_scroll_of_lightning_resistance was corrected from null to its default, true. 
[11Apr2025 07:07:17.985] [Server thread/WARN] [net.minecraftforge.common.ForgeConfigSpec/CORE]: Incorrect key allowedMagicItems.allow_scroll_of_frost_resistance was corrected from null to its default, true. 
[11Apr2025 07:07:17.986] [Server thread/WARN] [net.minecraftforge.common.ForgeConfigSpec/CORE]: Incorrect key allowedMagicItems.allow_scroll_of_aquatic_life was corrected from null to its default, true. 
[11Apr2025 07:07:17.987] [Server thread/WARN] [net.minecraftforge.common.ForgeConfigSpec/CORE]: Incorrect key allowedMagicItems.allow_scroll_of_mercy was corrected from null to its default, true. 
[11Apr2025 07:07:17.987] [Server thread/WARN] [net.minecraftforge.common.ForgeConfigSpec/CORE]: Incorrect key allowedMagicItems.allow_dust_of_vanishing was corrected from null to its default, true. 
[11Apr2025 07:07:17.989] [Server thread/WARN] [net.minecraftforge.common.ForgeConfigSpec/CORE]: Incorrect key allowedMagicItems.allow_dust_of_frost was corrected from null to its default, true. 
[11Apr2025 07:07:17.989] [Server thread/WARN] [net.minecraftforge.common.ForgeConfigSpec/CORE]: Incorrect key allowedMagicItems.allow_enchanted_bundle was corrected from null to its default, true. 
[11Apr2025 07:07:17.990] [Server thread/WARN] [net.minecraftforge.common.ForgeConfigSpec/CORE]: Incorrect key allowedMagicItems.allow_book_of_recycling was corrected from null to its default, true. 
[11Apr2025 07:07:17.990] [Server thread/WARN] [net.minecraftforge.common.ForgeConfigSpec/CORE]: Incorrect key allowedMagicItems.allow_book_of_repairing was corrected from null to its default, true. 
[11Apr2025 07:07:17.991] [Server thread/WARN] [net.minecraftforge.common.ForgeConfigSpec/CORE]: Incorrect key allowedMagicItems.allow_book_of_magic_impregnation was corrected from null to its default, true. 
[11Apr2025 07:07:17.991] [Server thread/WARN] [net.minecraftforge.common.ForgeConfigSpec/CORE]: Incorrect key allowedMagicItems.allow_smoke_ball was corrected from null to its default, true. 
[11Apr2025 07:07:17.992] [Server thread/WARN] [net.minecraftforge.common.ForgeConfigSpec/CORE]: Incorrect key allowedMagicItems.allow_seeker_rod was corrected from null to its default, true. 
[11Apr2025 07:07:17.992] [Server thread/WARN] [net.minecraftforge.common.ForgeConfigSpec/CORE]: Incorrect key allowedMagicItems.allow_christmas_hat was corrected from null to its default, true. 
[11Apr2025 07:07:17.994] [Server thread/WARN] [net.minecraftforge.common.ForgeConfigSpec/CORE]: Incorrect key allowedMagicItems.allow_bag_of_seeds was corrected from null to its default, true. 
[11Apr2025 07:07:17.994] [Server thread/WARN] [net.minecraftforge.common.ForgeConfigSpec/CORE]: Incorrect key allowedMagicItems.allow_magic_scroll was corrected from null to its default, true. 
[11Apr2025 07:07:17.995] [Server thread/WARN] [net.minecraftforge.common.ForgeConfigSpec/CORE]: Incorrect key allowedMagicItems.allow_familiar_stone was corrected from null to its default, true. 
[11Apr2025 07:07:17.995] [Server thread/WARN] [net.minecraftforge.common.ForgeConfigSpec/CORE]: Incorrect key allowedMagicItems.allow_merchant_stone was corrected from null to its default, true. 
[11Apr2025 07:07:17.996] [Server thread/WARN] [net.minecraftforge.common.ForgeConfigSpec/CORE]: Incorrect key allowedMagicItems.allow_prayer_stone was corrected from null to its default, true. 
[11Apr2025 07:07:18.000] [Server thread/WARN] [net.minecraftforge.common.ForgeConfigSpec/CORE]: Incorrect key compatibility was corrected from null to its default, SimpleCommentedConfig:{}. 
[11Apr2025 07:07:18.000] [Server thread/WARN] [net.minecraftforge.common.ForgeConfigSpec/CORE]: Incorrect key compatibility.fix_anvil_custom_name was corrected from null to its default, true. 
[11Apr2025 07:07:18.001] [Server thread/WARN] [net.minecraftforge.common.ForgeConfigSpec/CORE]: Incorrect key compatibility.fix_repair_cost_zero was corrected from null to its default, true. 
[11Apr2025 07:07:18.190] [Server thread/INFO] [net.minecraft.server.dedicated.DedicatedServer/]: Preparing level "NiditoDeAmor"
[11Apr2025 07:07:19.168] [Server thread/INFO] [net.minecraft.server.MinecraftServer/]: Preparing start region for dimension minecraft:overworld
[11Apr2025 07:07:21.207] [Worker-Main-6/INFO] [net.minecraft.server.level.progress.LoggerChunkProgressListener/]: Preparing spawn area: 0%
[11Apr2025 07:07:21.223] [Worker-Main-6/INFO] [net.minecraft.server.level.progress.LoggerChunkProgressListener/]: Preparing spawn area: 0%
[11Apr2025 07:07:21.234] [Worker-Main-5/INFO] [net.minecraft.server.level.progress.LoggerChunkProgressListener/]: Preparing spawn area: 0%
[11Apr2025 07:07:21.246] [Worker-Main-6/INFO] [net.minecraft.server.level.progress.LoggerChunkProgressListener/]: Preparing spawn area: 0%
[11Apr2025 07:07:21.260] [Worker-Main-6/INFO] [net.minecraft.server.level.progress.LoggerChunkProgressListener/]: Preparing spawn area: 0%
[11Apr2025 07:07:21.671] [Worker-Main-6/INFO] [net.minecraft.server.level.progress.LoggerChunkProgressListener/]: Preparing spawn area: 0%
[11Apr2025 07:07:22.170] [Worker-Main-5/INFO] [net.minecraft.server.level.progress.LoggerChunkProgressListener/]: Preparing spawn area: 0%
[11Apr2025 07:07:22.673] [Worker-Main-5/INFO] [net.minecraft.server.level.progress.LoggerChunkProgressListener/]: Preparing spawn area: 0%
[11Apr2025 07:07:23.172] [Worker-Main-6/INFO] [net.minecraft.server.level.progress.LoggerChunkProgressListener/]: Preparing spawn area: 0%
[11Apr2025 07:07:23.678] [Worker-Main-6/INFO] [net.minecraft.server.level.progress.LoggerChunkProgressListener/]: Preparing spawn area: 0%
[11Apr2025 07:07:24.170] [Worker-Main-6/INFO] [net.minecraft.server.level.progress.LoggerChunkProgressListener/]: Preparing spawn area: 1%
[11Apr2025 07:07:24.670] [Worker-Main-5/INFO] [net.minecraft.server.level.progress.LoggerChunkProgressListener/]: Preparing spawn area: 1%
[11Apr2025 07:07:25.176] [Worker-Main-6/INFO] [net.minecraft.server.level.progress.LoggerChunkProgressListener/]: Preparing spawn area: 3%
[11Apr2025 07:07:25.670] [Worker-Main-6/INFO] [net.minecraft.server.level.progress.LoggerChunkProgressListener/]: Preparing spawn area: 7%
[11Apr2025 07:07:26.170] [Worker-Main-6/INFO] [net.minecraft.server.level.progress.LoggerChunkProgressListener/]: Preparing spawn area: 13%
[11Apr2025 07:07:26.676] [Worker-Main-5/INFO] [net.minecraft.server.level.progress.LoggerChunkProgressListener/]: Preparing spawn area: 36%
[11Apr2025 07:07:27.170] [Worker-Main-6/INFO] [net.minecraft.server.level.progress.LoggerChunkProgressListener/]: Preparing spawn area: 67%
[11Apr2025 07:07:28.080] [Server thread/INFO] [net.minecraft.server.level.progress.LoggerChunkProgressListener/]: Time elapsed: 8911 ms
[11Apr2025 07:07:28.082] [Server thread/INFO] [net.minecraft.server.dedicated.DedicatedServer/]: Done (10.218s)! For help, type "help"
[11Apr2025 07:07:28.137] [Server thread/INFO] [net.minecraftforge.server.permission.PermissionAPI/]: Successfully initialized permission handler forge:default_handler
[11Apr2025 07:07:28.152] [Server thread/INFO] [WTHIT/]: [WTHIT] Plugin config reloaded
[11Apr2025 07:07:28.156] [Server thread/INFO] [com.github.alexthe666.iceandfire.IceAndFire/]: {SPAWN_DRAGON_SKELETON_I_CF=true, HYDRA_CAVE_CF=true, SPAWN_SEA_SERPENT_CF=true, SPAWN_STYMPHALIAN_BIRD_CF=true, SPAWN_WANDERING_CYCLOPS_CF=true, PIXIE_VILLAGE_CF=true, SPAWN_DEATH_WORM_CF=true, FIRE_DRAGON_CAVE_CF=true, SIREN_ISLAND_CF=true, MYRMEX_HIVE_DESERT_CF=true, SPAWN_HIPPOCAMPUS_CF=true, FIRE_DRAGON_ROOST_CF=true, MYRMEX_HIVE_JUNGLE_CF=true, COPPER_ORE_CF=true, SILVER_ORE_CF=true, LIGHTNING_DRAGON_CAVE_CF=true, SPAWN_DRAGON_SKELETON_F_CF=true, AMETHYST_ORE_CF=true, SPAWN_DRAGON_SKELETON_L_CF=true, LIGHTNING_LILY_CF=true, ICE_DRAGON_CAVE_CF=true, SAPPHIRE_ORE_CF=true, LIGHTNING_DRAGON_ROOST_CF=true, CYCLOPS_CAVE_CF=false, FROST_LILY_CF=true, FIRE_LILY_CF=true, ICE_DRAGON_ROOST_CF=true}
[11Apr2025 07:07:28.157] [Server thread/INFO] [com.github.alexthe666.iceandfire.IceAndFire/]: {TROLL_S=true, HIPPOGRYPH=true, AMPHITHERE=true, COCKATRICE=true, TROLL_M=true, DREAD_LICH=false, TROLL_F=true}
[11Apr2025 07:10:13.979] [Server thread/INFO] [net.minecraftforge.common.AdvancementLoadFix/]: Using new advancement loading for net.minecraft.server.PlayerAdvancements@7297d233
[11Apr2025 07:10:13.999] [Server thread/INFO] [net.minecraft.server.players.PlayerList/]: ArmandoBroh[/127.231.174.51:45325] logged in with entity id 497 at (132.8088019127621, 64.0, 416.71415220555275)
[11Apr2025 07:10:14.045] [Server thread/INFO] [net.minecraft.server.dedicated.DedicatedServer/]: ArmandoBroh joined the game
[11Apr2025 07:10:14.197] [Server thread/INFO] [net.minecraft.server.dedicated.DedicatedServer/]: ArmandoBroh has reached the goal [Easter]
[11Apr2025 07:10:38.964] [Server thread/INFO] [net.minecraft.server.network.ServerGamePacketListenerImpl/]: ArmandoBroh lost connection: Disconnected
[11Apr2025 07:10:38.964] [Server thread/INFO] [net.minecraft.server.dedicated.DedicatedServer/]: ArmandoBroh left the game
